if exists (select * from sys.databases where name = 'SQLAntTestData')
EXEC msdb.dbo.sp_delete_database_backuphistory @database_name = N'SQLAntTestData'
GO
USE [master]
GO
if exists (select * from sys.databases where name = 'SQLAntTestData')
ALTER DATABASE [SQLAntTestData] SET  SINGLE_USER WITH ROLLBACK IMMEDIATE
GO
USE [master]
GO
if exists (select * from sys.databases where name = 'SQLAntTestData')
DROP DATABASE [SQLAntTestData]
GO


CREATE DATABASE SQLAntTestData

GO

USE SQLAntTestData

GO

SET NOCOUNT ON

create table Users (
	id INT,
	first_name VARCHAR(50),
	last_name VARCHAR(50),
	email VARCHAR(50),
	gender VARCHAR(50),
	ip_address VARCHAR(20)
);
insert into Users (id, first_name, last_name, email, gender, ip_address) values (1, 'Jacqueline', 'Hanson', 'jhanson0@oracle.com', 'Female', '142.60.229.39');
insert into Users (id, first_name, last_name, email, gender, ip_address) values (2, 'Mary', 'Hunter', 'mhunter1@mit.edu', 'Female', '195.53.231.172');
insert into Users (id, first_name, last_name, email, gender, ip_address) values (3, 'Billy', 'Black', 'bblack2@archive.org', 'Male', '231.102.152.71');
insert into Users (id, first_name, last_name, email, gender, ip_address) values (4, 'Victor', 'Andrews', 'vandrews3@godaddy.com', 'Male', '234.114.74.150');
insert into Users (id, first_name, last_name, email, gender, ip_address) values (5, 'Kathy', 'Hart', 'khart4@free.fr', 'Female', '10.165.134.21');
insert into Users (id, first_name, last_name, email, gender, ip_address) values (6, 'Joan', 'Harvey', 'jharvey5@ed.gov', 'Female', '182.205.159.61');
insert into Users (id, first_name, last_name, email, gender, ip_address) values (7, 'Anne', 'Henry', 'ahenry6@ucoz.ru', 'Female', '123.65.172.14');
insert into Users (id, first_name, last_name, email, gender, ip_address) values (8, 'Andrea', 'Harris', 'aharris7@army.mil', 'Female', '169.126.5.233');
insert into Users (id, first_name, last_name, email, gender, ip_address) values (9, 'Harold', 'Webb', 'hwebb8@archive.org', 'Male', '170.27.118.71');
insert into Users (id, first_name, last_name, email, gender, ip_address) values (10, 'Ryan', 'Matthews', 'rmatthews9@washington.edu', 'Male', '46.219.237.160');
insert into Users (id, first_name, last_name, email, gender, ip_address) values (11, 'George', 'Hudson', 'ghudsona@google.cn', 'Male', '116.230.64.94');
insert into Users (id, first_name, last_name, email, gender, ip_address) values (12, 'Cynthia', 'Cooper', 'ccooperb@wikimedia.org', 'Female', '172.237.133.123');
insert into Users (id, first_name, last_name, email, gender, ip_address) values (13, 'Katherine', 'Jackson', 'kjacksonc@paginegialle.it', 'Female', '88.97.147.87');
insert into Users (id, first_name, last_name, email, gender, ip_address) values (14, 'Ryan', 'Larson', 'rlarsond@wired.com', 'Male', '62.32.249.249');
insert into Users (id, first_name, last_name, email, gender, ip_address) values (15, 'Angela', 'Larson', 'alarsone@apple.com', 'Female', '37.27.224.254');
insert into Users (id, first_name, last_name, email, gender, ip_address) values (16, 'Sara', 'Wright', 'swrightf@biblegateway.com', 'Female', '99.45.211.193');
insert into Users (id, first_name, last_name, email, gender, ip_address) values (17, 'Raymond', 'Ellis', 'rellisg@vimeo.com', 'Male', '93.182.107.139');
insert into Users (id, first_name, last_name, email, gender, ip_address) values (18, 'Harry', 'Morrison', 'hmorrisonh@chron.com', 'Male', '173.208.177.214');
insert into Users (id, first_name, last_name, email, gender, ip_address) values (19, 'Anne', 'Matthews', 'amatthewsi@wikipedia.org', 'Female', '129.148.117.163');
insert into Users (id, first_name, last_name, email, gender, ip_address) values (20, 'Carlos', 'Brown', 'cbrownj@flavors.me', 'Male', '252.102.42.115');
insert into Users (id, first_name, last_name, email, gender, ip_address) values (21, 'Elizabeth', 'Lewis', 'elewisk@blogs.com', 'Female', '96.183.185.40');
insert into Users (id, first_name, last_name, email, gender, ip_address) values (22, 'Marilyn', 'Arnold', 'marnoldl@prweb.com', 'Female', '251.198.248.4');
insert into Users (id, first_name, last_name, email, gender, ip_address) values (23, 'Ryan', 'Greene', 'rgreenem@domainmarket.com', 'Male', '56.158.138.199');
insert into Users (id, first_name, last_name, email, gender, ip_address) values (24, 'Brandon', 'Thomas', 'bthomasn@usda.gov', 'Male', '235.86.71.94');
insert into Users (id, first_name, last_name, email, gender, ip_address) values (25, 'Earl', 'George', 'egeorgeo@sciencedaily.com', 'Male', '137.183.237.243');
insert into Users (id, first_name, last_name, email, gender, ip_address) values (26, 'Brandon', 'Hart', 'bhartp@ed.gov', 'Male', '251.126.96.75');
insert into Users (id, first_name, last_name, email, gender, ip_address) values (27, 'Adam', 'Medina', 'amedinaq@godaddy.com', 'Male', '79.210.167.152');
insert into Users (id, first_name, last_name, email, gender, ip_address) values (28, 'Jimmy', 'Green', 'jgreenr@cdbaby.com', 'Male', '39.156.241.157');
insert into Users (id, first_name, last_name, email, gender, ip_address) values (29, 'Antonio', 'Taylor', 'ataylors@dropbox.com', 'Male', '44.60.28.35');
insert into Users (id, first_name, last_name, email, gender, ip_address) values (30, 'Evelyn', 'Jackson', 'ejacksont@nature.com', 'Female', '4.44.87.54');
insert into Users (id, first_name, last_name, email, gender, ip_address) values (31, 'Kimberly', 'Bowman', 'kbowmanu@auda.org.au', 'Female', '134.206.159.62');
insert into Users (id, first_name, last_name, email, gender, ip_address) values (32, 'Patrick', 'Crawford', 'pcrawfordv@ifeng.com', 'Male', '194.177.112.25');
insert into Users (id, first_name, last_name, email, gender, ip_address) values (33, 'Nicole', 'Russell', 'nrussellw@w3.org', 'Female', '171.71.63.191');
insert into Users (id, first_name, last_name, email, gender, ip_address) values (34, 'Scott', 'Andrews', 'sandrewsx@sourceforge.net', 'Male', '7.242.205.116');
insert into Users (id, first_name, last_name, email, gender, ip_address) values (35, 'Willie', 'Frazier', 'wfraziery@ehow.com', 'Male', '201.156.255.228');
insert into Users (id, first_name, last_name, email, gender, ip_address) values (36, 'Carlos', 'Kelley', 'ckelleyz@examiner.com', 'Male', '234.84.114.0');
insert into Users (id, first_name, last_name, email, gender, ip_address) values (37, 'Cynthia', 'Black', 'cblack10@facebook.com', 'Female', '93.174.79.108');
insert into Users (id, first_name, last_name, email, gender, ip_address) values (38, 'Anna', 'Elliott', 'aelliott11@sphinn.com', 'Female', '248.94.35.100');
insert into Users (id, first_name, last_name, email, gender, ip_address) values (39, 'Sharon', 'Sanchez', 'ssanchez12@netvibes.com', 'Female', '141.58.218.181');
insert into Users (id, first_name, last_name, email, gender, ip_address) values (40, 'Ralph', 'Ruiz', 'rruiz13@aol.com', 'Male', '20.136.197.72');
insert into Users (id, first_name, last_name, email, gender, ip_address) values (41, 'Kelly', 'Richardson', 'krichardson14@ucla.edu', 'Female', '252.219.205.157');
insert into Users (id, first_name, last_name, email, gender, ip_address) values (42, 'Matthew', 'Owens', 'mowens15@forbes.com', 'Male', '133.250.204.2');
insert into Users (id, first_name, last_name, email, gender, ip_address) values (43, 'Christopher', 'Cole', 'ccole16@patch.com', 'Male', '25.69.38.23');
insert into Users (id, first_name, last_name, email, gender, ip_address) values (44, 'Brian', 'Mccoy', 'bmccoy17@ifeng.com', 'Male', '138.244.168.71');
insert into Users (id, first_name, last_name, email, gender, ip_address) values (45, 'Roger', 'Jackson', 'rjackson18@ycombinator.com', 'Male', '99.188.47.84');
insert into Users (id, first_name, last_name, email, gender, ip_address) values (46, 'John', 'Carter', 'jcarter19@mapy.cz', 'Male', '123.95.117.153');
insert into Users (id, first_name, last_name, email, gender, ip_address) values (47, 'Helen', 'Collins', 'hcollins1a@nationalgeographic.com', 'Female', '69.18.5.53');
insert into Users (id, first_name, last_name, email, gender, ip_address) values (48, 'Sean', 'Thompson', 'sthompson1b@tripadvisor.com', 'Male', '128.134.129.200');
insert into Users (id, first_name, last_name, email, gender, ip_address) values (49, 'Brian', 'Schmidt', 'bschmidt1c@senate.gov', 'Male', '192.71.142.169');
insert into Users (id, first_name, last_name, email, gender, ip_address) values (50, 'Amy', 'Henry', 'ahenry1d@toplist.cz', 'Female', '57.172.166.83');
insert into Users (id, first_name, last_name, email, gender, ip_address) values (51, 'Nicholas', 'Crawford', 'ncrawford1e@merriam-webster.com', 'Male', '72.207.254.204');
insert into Users (id, first_name, last_name, email, gender, ip_address) values (52, 'Gerald', 'Stewart', 'gstewart1f@jalbum.net', 'Male', '184.129.48.235');
insert into Users (id, first_name, last_name, email, gender, ip_address) values (53, 'Anthony', 'Myers', 'amyers1g@free.fr', 'Male', '226.180.53.216');
insert into Users (id, first_name, last_name, email, gender, ip_address) values (54, 'Jeremy', 'Harvey', 'jharvey1h@rambler.ru', 'Male', '29.63.202.227');
insert into Users (id, first_name, last_name, email, gender, ip_address) values (55, 'Gloria', 'Young', 'gyoung1i@ucsd.edu', 'Female', '154.121.142.208');
insert into Users (id, first_name, last_name, email, gender, ip_address) values (56, 'Ralph', 'Wright', 'rwright1j@marketwatch.com', 'Male', '216.187.129.170');
insert into Users (id, first_name, last_name, email, gender, ip_address) values (57, 'Alice', 'Reid', 'areid1k@blog.com', 'Female', '202.123.122.98');
insert into Users (id, first_name, last_name, email, gender, ip_address) values (58, 'Clarence', 'Sullivan', 'csullivan1l@themeforest.net', 'Male', '57.239.4.218');
insert into Users (id, first_name, last_name, email, gender, ip_address) values (59, 'Donald', 'Jacobs', 'djacobs1m@dedecms.com', 'Male', '4.67.140.155');
insert into Users (id, first_name, last_name, email, gender, ip_address) values (60, 'Lois', 'Fernandez', 'lfernandez1n@reddit.com', 'Female', '165.22.40.176');
insert into Users (id, first_name, last_name, email, gender, ip_address) values (61, 'Carl', 'Chavez', 'cchavez1o@rambler.ru', 'Male', '13.189.24.98');
insert into Users (id, first_name, last_name, email, gender, ip_address) values (62, 'Ashley', 'Knight', 'aknight1p@indiatimes.com', 'Female', '164.144.150.100');
insert into Users (id, first_name, last_name, email, gender, ip_address) values (63, 'Raymond', 'Bailey', 'rbailey1q@ovh.net', 'Male', '89.142.138.215');
insert into Users (id, first_name, last_name, email, gender, ip_address) values (64, 'Todd', 'Henry', 'thenry1r@globo.com', 'Male', '208.113.4.146');
insert into Users (id, first_name, last_name, email, gender, ip_address) values (65, 'Nicole', 'Duncan', 'nduncan1s@csmonitor.com', 'Female', '200.58.179.15');
insert into Users (id, first_name, last_name, email, gender, ip_address) values (66, 'Amy', 'Watson', 'awatson1t@howstuffworks.com', 'Female', '153.96.69.194');
insert into Users (id, first_name, last_name, email, gender, ip_address) values (67, 'Billy', 'Martinez', 'bmartinez1u@studiopress.com', 'Male', '152.38.55.18');
insert into Users (id, first_name, last_name, email, gender, ip_address) values (68, 'Joyce', 'Little', 'jlittle1v@wp.com', 'Female', '158.36.130.194');
insert into Users (id, first_name, last_name, email, gender, ip_address) values (69, 'Patrick', 'Patterson', 'ppatterson1w@gizmodo.com', 'Male', '127.142.115.179');
insert into Users (id, first_name, last_name, email, gender, ip_address) values (70, 'Michelle', 'Fowler', 'mfowler1x@histats.com', 'Female', '19.188.240.185');
insert into Users (id, first_name, last_name, email, gender, ip_address) values (71, 'Annie', 'Carpenter', 'acarpenter1y@pbs.org', 'Female', '53.22.132.126');
insert into Users (id, first_name, last_name, email, gender, ip_address) values (72, 'Jacqueline', 'Watkins', 'jwatkins1z@weibo.com', 'Female', '0.144.10.66');
insert into Users (id, first_name, last_name, email, gender, ip_address) values (73, 'Denise', 'Frazier', 'dfrazier20@cbslocal.com', 'Female', '185.72.229.66');
insert into Users (id, first_name, last_name, email, gender, ip_address) values (74, 'Tina', 'Bennett', 'tbennett21@independent.co.uk', 'Female', '107.204.153.62');
insert into Users (id, first_name, last_name, email, gender, ip_address) values (75, 'Shirley', 'Freeman', 'sfreeman22@networkadvertising.org', 'Female', '9.128.23.36');
insert into Users (id, first_name, last_name, email, gender, ip_address) values (76, 'Kevin', 'Murray', 'kmurray23@multiply.com', 'Male', '165.215.220.214');
insert into Users (id, first_name, last_name, email, gender, ip_address) values (77, 'Billy', 'Johnston', 'bjohnston24@fc2.com', 'Male', '76.102.49.63');
insert into Users (id, first_name, last_name, email, gender, ip_address) values (78, 'Brenda', 'Foster', 'bfoster25@dion.ne.jp', 'Female', '224.89.243.144');
insert into Users (id, first_name, last_name, email, gender, ip_address) values (79, 'Ashley', 'Moreno', 'amoreno26@state.tx.us', 'Female', '46.20.25.28');
insert into Users (id, first_name, last_name, email, gender, ip_address) values (80, 'Angela', 'Hunt', 'ahunt27@indiegogo.com', 'Female', '228.108.14.232');
insert into Users (id, first_name, last_name, email, gender, ip_address) values (81, 'Melissa', 'Rodriguez', 'mrodriguez28@youku.com', 'Female', '240.97.51.250');
insert into Users (id, first_name, last_name, email, gender, ip_address) values (82, 'Donald', 'Owens', 'dowens29@dailymotion.com', 'Male', '216.112.143.75');
insert into Users (id, first_name, last_name, email, gender, ip_address) values (83, 'Brandon', 'Hudson', 'bhudson2a@1und1.de', 'Male', '29.185.100.47');
insert into Users (id, first_name, last_name, email, gender, ip_address) values (84, 'Daniel', 'Watson', 'dwatson2b@ehow.com', 'Male', '3.246.155.1');
insert into Users (id, first_name, last_name, email, gender, ip_address) values (85, 'Kenneth', 'White', 'kwhite2c@rambler.ru', 'Male', '248.246.234.54');
insert into Users (id, first_name, last_name, email, gender, ip_address) values (86, 'Walter', 'Payne', 'wpayne2d@wired.com', 'Male', '142.248.158.117');
insert into Users (id, first_name, last_name, email, gender, ip_address) values (87, 'Billy', 'Gray', 'bgray2e@huffingtonpost.com', 'Male', '6.39.45.57');
insert into Users (id, first_name, last_name, email, gender, ip_address) values (88, 'Jack', 'Price', 'jprice2f@miibeian.gov.cn', 'Male', '151.69.152.96');
insert into Users (id, first_name, last_name, email, gender, ip_address) values (89, 'Craig', 'Washington', 'cwashington2g@slate.com', 'Male', '236.105.168.182');
insert into Users (id, first_name, last_name, email, gender, ip_address) values (90, 'Rachel', 'Cunningham', 'rcunningham2h@nps.gov', 'Female', '4.48.99.190');
insert into Users (id, first_name, last_name, email, gender, ip_address) values (91, 'Irene', 'Wallace', 'iwallace2i@nifty.com', 'Female', '39.231.250.26');
insert into Users (id, first_name, last_name, email, gender, ip_address) values (92, 'Bobby', 'Lawson', 'blawson2j@gmpg.org', 'Male', '86.5.172.136');
insert into Users (id, first_name, last_name, email, gender, ip_address) values (93, 'Virginia', 'Lee', 'vlee2k@google.com', 'Female', '215.177.163.15');
insert into Users (id, first_name, last_name, email, gender, ip_address) values (94, 'Tammy', 'Gutierrez', 'tgutierrez2l@seesaa.net', 'Female', '6.148.26.142');
insert into Users (id, first_name, last_name, email, gender, ip_address) values (95, 'Cynthia', 'Sanders', 'csanders2m@paypal.com', 'Female', '10.231.255.236');
insert into Users (id, first_name, last_name, email, gender, ip_address) values (96, 'Heather', 'Smith', 'hsmith2n@npr.org', 'Female', '186.163.162.213');
insert into Users (id, first_name, last_name, email, gender, ip_address) values (97, 'Clarence', 'West', 'cwest2o@vistaprint.com', 'Male', '105.67.164.39');
insert into Users (id, first_name, last_name, email, gender, ip_address) values (98, 'Jack', 'Smith', 'jsmith2p@amazon.com', 'Male', '201.233.138.129');
insert into Users (id, first_name, last_name, email, gender, ip_address) values (99, 'Eric', 'Patterson', 'epatterson2q@dmoz.org', 'Male', '96.141.166.227');
insert into Users (id, first_name, last_name, email, gender, ip_address) values (100, 'Richard', 'Lewis', 'rlewis2r@slate.com', 'Male', '29.7.91.55');

GO

create table UserAccounts (
	id INT,
	user_id INT,
	account_no VARCHAR(50),
	account_type VARCHAR(50)
);
insert into UserAccounts (id, user_id, account_no, account_type) values (1, 84, '3539110044763580', 'jcb');
insert into UserAccounts (id, user_id, account_no, account_type) values (2, 43, '3550205541310663', 'jcb');
insert into UserAccounts (id, user_id, account_no, account_type) values (3, 79, '340047165796194', 'americanexpress');
insert into UserAccounts (id, user_id, account_no, account_type) values (4, 27, '5010121527274360', 'mastercard');
insert into UserAccounts (id, user_id, account_no, account_type) values (5, 24, '3555596217890680', 'jcb');
insert into UserAccounts (id, user_id, account_no, account_type) values (6, 5, '4026117373457211', 'visa-electron');
insert into UserAccounts (id, user_id, account_no, account_type) values (7, 67, '3542045313588364', 'jcb');
insert into UserAccounts (id, user_id, account_no, account_type) values (8, 75, '6304369054381743', 'maestro');
insert into UserAccounts (id, user_id, account_no, account_type) values (9, 36, '30253242551694', 'diners-club-carte-blanche');
insert into UserAccounts (id, user_id, account_no, account_type) values (10, 40, '3540508643924528', 'jcb');
insert into UserAccounts (id, user_id, account_no, account_type) values (11, 17, '3536855258171911', 'jcb');
insert into UserAccounts (id, user_id, account_no, account_type) values (12, 84, '3567467676274798', 'jcb');
insert into UserAccounts (id, user_id, account_no, account_type) values (13, 6, '3541636160516036', 'jcb');
insert into UserAccounts (id, user_id, account_no, account_type) values (14, 1, '6759028599262087', 'maestro');
insert into UserAccounts (id, user_id, account_no, account_type) values (15, 20, '201870966604491', 'diners-club-enroute');
insert into UserAccounts (id, user_id, account_no, account_type) values (16, 20, '5020285261919148', 'maestro');
insert into UserAccounts (id, user_id, account_no, account_type) values (17, 55, '5314479241438452', 'mastercard');
insert into UserAccounts (id, user_id, account_no, account_type) values (18, 34, '5007666339439390', 'mastercard');
insert into UserAccounts (id, user_id, account_no, account_type) values (19, 33, '6391523211352435', 'instapayment');
insert into UserAccounts (id, user_id, account_no, account_type) values (20, 40, '633332776848722460', 'switch');
insert into UserAccounts (id, user_id, account_no, account_type) values (21, 63, '67595381962991042', 'maestro');
insert into UserAccounts (id, user_id, account_no, account_type) values (22, 59, '4936364067402694', 'switch');
insert into UserAccounts (id, user_id, account_no, account_type) values (23, 65, '3568834690450002', 'jcb');
insert into UserAccounts (id, user_id, account_no, account_type) values (24, 56, '3533325707063682', 'jcb');
insert into UserAccounts (id, user_id, account_no, account_type) values (25, 57, '3538170281447900', 'jcb');
insert into UserAccounts (id, user_id, account_no, account_type) values (26, 75, '5509247379630058', 'diners-club-us-ca');
insert into UserAccounts (id, user_id, account_no, account_type) values (27, 77, '4508442434677285', 'visa-electron');
insert into UserAccounts (id, user_id, account_no, account_type) values (28, 2, '3575884986470488', 'jcb');
insert into UserAccounts (id, user_id, account_no, account_type) values (29, 5, '3560110115281340', 'jcb');
insert into UserAccounts (id, user_id, account_no, account_type) values (30, 13, '3569797031172669', 'jcb');
insert into UserAccounts (id, user_id, account_no, account_type) values (31, 91, '30161827144498', 'diners-club-carte-blanche');
insert into UserAccounts (id, user_id, account_no, account_type) values (32, 25, '5602226132699360472', 'china-unionpay');
insert into UserAccounts (id, user_id, account_no, account_type) values (33, 93, '676116873850154897', 'maestro');
insert into UserAccounts (id, user_id, account_no, account_type) values (34, 15, '36664493175070', 'diners-club-international');
insert into UserAccounts (id, user_id, account_no, account_type) values (35, 63, '3543452001715698', 'jcb');
insert into UserAccounts (id, user_id, account_no, account_type) values (36, 2, '4917320999062843', 'visa-electron');
insert into UserAccounts (id, user_id, account_no, account_type) values (37, 35, '5007666097243216', 'mastercard');
insert into UserAccounts (id, user_id, account_no, account_type) values (38, 45, '3556129513657329', 'jcb');
insert into UserAccounts (id, user_id, account_no, account_type) values (39, 34, '3577487661775094', 'jcb');
insert into UserAccounts (id, user_id, account_no, account_type) values (40, 1, '3567888719832203', 'jcb');
insert into UserAccounts (id, user_id, account_no, account_type) values (41, 41, '201773654290260', 'diners-club-enroute');
insert into UserAccounts (id, user_id, account_no, account_type) values (42, 77, '4017959164993545', 'visa');
insert into UserAccounts (id, user_id, account_no, account_type) values (43, 17, '560222094151920509', 'china-unionpay');
insert into UserAccounts (id, user_id, account_no, account_type) values (44, 50, '3579584029780176', 'jcb');
insert into UserAccounts (id, user_id, account_no, account_type) values (45, 89, '3534624715542250', 'jcb');
insert into UserAccounts (id, user_id, account_no, account_type) values (46, 41, '3548887059543176', 'jcb');
insert into UserAccounts (id, user_id, account_no, account_type) values (47, 72, '3562378134198880', 'jcb');
insert into UserAccounts (id, user_id, account_no, account_type) values (48, 39, '3559241927433051', 'jcb');
insert into UserAccounts (id, user_id, account_no, account_type) values (49, 52, '3540525722394480', 'jcb');
insert into UserAccounts (id, user_id, account_no, account_type) values (50, 74, '3581203211711727', 'jcb');
insert into UserAccounts (id, user_id, account_no, account_type) values (51, 98, '5010129974748547', 'mastercard');
insert into UserAccounts (id, user_id, account_no, account_type) values (52, 86, '5602256095777958546', 'china-unionpay');
insert into UserAccounts (id, user_id, account_no, account_type) values (53, 15, '3534345249652718', 'jcb');
insert into UserAccounts (id, user_id, account_no, account_type) values (54, 48, '561028499635896783', 'china-unionpay');
insert into UserAccounts (id, user_id, account_no, account_type) values (55, 89, '677106373758317894', 'laser');
insert into UserAccounts (id, user_id, account_no, account_type) values (56, 96, '6771221311448581359', 'laser');
insert into UserAccounts (id, user_id, account_no, account_type) values (57, 72, '4905884464419838631', 'switch');
insert into UserAccounts (id, user_id, account_no, account_type) values (58, 81, '060496649462215871', 'maestro');
insert into UserAccounts (id, user_id, account_no, account_type) values (59, 80, '3575436678429304', 'jcb');
insert into UserAccounts (id, user_id, account_no, account_type) values (60, 46, '341436850135678', 'americanexpress');
insert into UserAccounts (id, user_id, account_no, account_type) values (61, 35, '3540704327893192', 'jcb');
insert into UserAccounts (id, user_id, account_no, account_type) values (62, 63, '5100149676697132', 'mastercard');
insert into UserAccounts (id, user_id, account_no, account_type) values (63, 79, '3554515362302367', 'jcb');
insert into UserAccounts (id, user_id, account_no, account_type) values (64, 49, '5602252822045256', 'bankcard');
insert into UserAccounts (id, user_id, account_no, account_type) values (65, 83, '67626133389626898', 'maestro');
insert into UserAccounts (id, user_id, account_no, account_type) values (66, 76, '67629548903424495', 'maestro');
insert into UserAccounts (id, user_id, account_no, account_type) values (67, 73, '630460991325395868', 'laser');
insert into UserAccounts (id, user_id, account_no, account_type) values (68, 71, '5007663835719961', 'mastercard');
insert into UserAccounts (id, user_id, account_no, account_type) values (69, 48, '3532851099614700', 'jcb');
insert into UserAccounts (id, user_id, account_no, account_type) values (70, 36, '5602233000187411878', 'china-unionpay');
insert into UserAccounts (id, user_id, account_no, account_type) values (71, 90, '3545871338074594', 'jcb');
insert into UserAccounts (id, user_id, account_no, account_type) values (72, 13, '3580823757001620', 'jcb');
insert into UserAccounts (id, user_id, account_no, account_type) values (73, 8, '4017953020051705', 'visa');
insert into UserAccounts (id, user_id, account_no, account_type) values (74, 43, '56022473646707120', 'china-unionpay');
insert into UserAccounts (id, user_id, account_no, account_type) values (75, 66, '50380865351649646', 'maestro');
insert into UserAccounts (id, user_id, account_no, account_type) values (76, 71, '5048377458303869', 'mastercard');
insert into UserAccounts (id, user_id, account_no, account_type) values (77, 34, '3569229236307510', 'jcb');
insert into UserAccounts (id, user_id, account_no, account_type) values (78, 93, '5496715635866802', 'diners-club-us-ca');
insert into UserAccounts (id, user_id, account_no, account_type) values (79, 84, '3536038485647959', 'jcb');
insert into UserAccounts (id, user_id, account_no, account_type) values (80, 66, '3539865378243950', 'jcb');
insert into UserAccounts (id, user_id, account_no, account_type) values (81, 4, '3563318518971287', 'jcb');
insert into UserAccounts (id, user_id, account_no, account_type) values (82, 59, '4936937345511949537', 'switch');
insert into UserAccounts (id, user_id, account_no, account_type) values (83, 4, '201962651632588', 'diners-club-enroute');
insert into UserAccounts (id, user_id, account_no, account_type) values (84, 79, '3571598965514074', 'jcb');
insert into UserAccounts (id, user_id, account_no, account_type) values (85, 25, '3550733435014422', 'jcb');
insert into UserAccounts (id, user_id, account_no, account_type) values (86, 29, '3543088218119751', 'jcb');
insert into UserAccounts (id, user_id, account_no, account_type) values (87, 10, '3560087635017075', 'jcb');
insert into UserAccounts (id, user_id, account_no, account_type) values (88, 60, '4175003253277839', 'visa-electron');
insert into UserAccounts (id, user_id, account_no, account_type) values (89, 88, '491135158536985935', 'switch');
insert into UserAccounts (id, user_id, account_no, account_type) values (90, 71, '36072702267425', 'diners-club-international');
insert into UserAccounts (id, user_id, account_no, account_type) values (91, 97, '3529150697768330', 'jcb');
insert into UserAccounts (id, user_id, account_no, account_type) values (92, 43, '3579122750427871', 'jcb');
insert into UserAccounts (id, user_id, account_no, account_type) values (93, 8, '3572451910434379', 'jcb');
insert into UserAccounts (id, user_id, account_no, account_type) values (94, 22, '3561942670506383', 'jcb');
insert into UserAccounts (id, user_id, account_no, account_type) values (95, 16, '5602239467164443', 'bankcard');
insert into UserAccounts (id, user_id, account_no, account_type) values (96, 49, '5010127740131824', 'mastercard');
insert into UserAccounts (id, user_id, account_no, account_type) values (97, 97, '5100148068159933', 'mastercard');
insert into UserAccounts (id, user_id, account_no, account_type) values (98, 62, '5002358915151574', 'mastercard');
insert into UserAccounts (id, user_id, account_no, account_type) values (99, 25, '5610055741999101', 'bankcard');
insert into UserAccounts (id, user_id, account_no, account_type) values (100, 27, '5010122917027624', 'mastercard');
insert into UserAccounts (id, user_id, account_no, account_type) values (101, 55, '3558402621383742', 'jcb');
insert into UserAccounts (id, user_id, account_no, account_type) values (102, 17, '3557714275804794', 'jcb');
insert into UserAccounts (id, user_id, account_no, account_type) values (103, 99, '5602248545174183', 'bankcard');
insert into UserAccounts (id, user_id, account_no, account_type) values (104, 86, '201646224584315', 'diners-club-enroute');
insert into UserAccounts (id, user_id, account_no, account_type) values (105, 56, '36422996286534', 'diners-club-international');
insert into UserAccounts (id, user_id, account_no, account_type) values (106, 60, '670925589552026696', 'laser');
insert into UserAccounts (id, user_id, account_no, account_type) values (107, 8, '5602230903732364', 'bankcard');
insert into UserAccounts (id, user_id, account_no, account_type) values (108, 36, '3568224312769668', 'jcb');
insert into UserAccounts (id, user_id, account_no, account_type) values (109, 24, '5108751414468999', 'mastercard');
insert into UserAccounts (id, user_id, account_no, account_type) values (110, 9, '6334397529678720646', 'solo');
insert into UserAccounts (id, user_id, account_no, account_type) values (111, 76, '201909477855109', 'diners-club-enroute');
insert into UserAccounts (id, user_id, account_no, account_type) values (112, 6, '4905509334272711', 'switch');
insert into UserAccounts (id, user_id, account_no, account_type) values (113, 86, '5610559967540390', 'bankcard');
insert into UserAccounts (id, user_id, account_no, account_type) values (114, 37, '5048375154017379', 'mastercard');
insert into UserAccounts (id, user_id, account_no, account_type) values (115, 70, '3542346936680061', 'jcb');
insert into UserAccounts (id, user_id, account_no, account_type) values (116, 98, '30378464133333', 'diners-club-carte-blanche');
insert into UserAccounts (id, user_id, account_no, account_type) values (117, 59, '5275258953849230', 'mastercard');
insert into UserAccounts (id, user_id, account_no, account_type) values (118, 97, '3529624059261902', 'jcb');
insert into UserAccounts (id, user_id, account_no, account_type) values (119, 4, '3563631085693948', 'jcb');
insert into UserAccounts (id, user_id, account_no, account_type) values (120, 54, '670993237546544104', 'laser');
insert into UserAccounts (id, user_id, account_no, account_type) values (121, 12, '4017953126070690', 'visa');
insert into UserAccounts (id, user_id, account_no, account_type) values (122, 22, '3588715361819557', 'jcb');
insert into UserAccounts (id, user_id, account_no, account_type) values (123, 73, '4405518745702971', 'visa-electron');
insert into UserAccounts (id, user_id, account_no, account_type) values (124, 63, '3569479771322370', 'jcb');
insert into UserAccounts (id, user_id, account_no, account_type) values (125, 27, '3530909277512922', 'jcb');
insert into UserAccounts (id, user_id, account_no, account_type) values (126, 6, '6333268982706703407', 'switch');
insert into UserAccounts (id, user_id, account_no, account_type) values (127, 80, '3535035922582592', 'jcb');
insert into UserAccounts (id, user_id, account_no, account_type) values (128, 92, '3544637791609270', 'jcb');
insert into UserAccounts (id, user_id, account_no, account_type) values (129, 97, '3561468344954452', 'jcb');
insert into UserAccounts (id, user_id, account_no, account_type) values (130, 35, '0604278546654570882', 'maestro');
insert into UserAccounts (id, user_id, account_no, account_type) values (131, 8, '6304382266665271446', 'laser');
insert into UserAccounts (id, user_id, account_no, account_type) values (132, 42, '3551959448981906', 'jcb');
insert into UserAccounts (id, user_id, account_no, account_type) values (133, 38, '3550311981381493', 'jcb');
insert into UserAccounts (id, user_id, account_no, account_type) values (134, 19, '5002354155160847', 'mastercard');
insert into UserAccounts (id, user_id, account_no, account_type) values (135, 100, '3554596980578570', 'jcb');
insert into UserAccounts (id, user_id, account_no, account_type) values (136, 36, '4911754366496548105', 'switch');
insert into UserAccounts (id, user_id, account_no, account_type) values (137, 100, '6762265382542069522', 'maestro');
insert into UserAccounts (id, user_id, account_no, account_type) values (138, 23, '30064515353209', 'diners-club-carte-blanche');
insert into UserAccounts (id, user_id, account_no, account_type) values (139, 82, '4844953960772632', 'visa-electron');
insert into UserAccounts (id, user_id, account_no, account_type) values (140, 47, '3585315873149024', 'jcb');
insert into UserAccounts (id, user_id, account_no, account_type) values (141, 39, '5453285277641872', 'mastercard');
insert into UserAccounts (id, user_id, account_no, account_type) values (142, 5, '3574223169258785', 'jcb');
insert into UserAccounts (id, user_id, account_no, account_type) values (143, 66, '36504351822803', 'diners-club-international');
insert into UserAccounts (id, user_id, account_no, account_type) values (144, 70, '3531105651414905', 'jcb');
insert into UserAccounts (id, user_id, account_no, account_type) values (145, 35, '3574466400178011', 'jcb');
insert into UserAccounts (id, user_id, account_no, account_type) values (146, 22, '3548597543934465', 'jcb');
insert into UserAccounts (id, user_id, account_no, account_type) values (147, 34, '6304097002882807118', 'laser');
insert into UserAccounts (id, user_id, account_no, account_type) values (148, 58, '5002358548151462', 'mastercard');
insert into UserAccounts (id, user_id, account_no, account_type) values (149, 65, '6304049439042893', 'laser');
insert into UserAccounts (id, user_id, account_no, account_type) values (150, 63, '3537499943968677', 'jcb');
insert into UserAccounts (id, user_id, account_no, account_type) values (151, 36, '3528529181874558', 'jcb');
insert into UserAccounts (id, user_id, account_no, account_type) values (152, 34, '5100170889164447', 'mastercard');
insert into UserAccounts (id, user_id, account_no, account_type) values (153, 33, '337941492574180', 'americanexpress');
insert into UserAccounts (id, user_id, account_no, account_type) values (154, 34, '4041370984916', 'visa');
insert into UserAccounts (id, user_id, account_no, account_type) values (155, 19, '501801782265521501', 'maestro');
insert into UserAccounts (id, user_id, account_no, account_type) values (156, 35, '3576727714219702', 'jcb');
insert into UserAccounts (id, user_id, account_no, account_type) values (157, 64, '5610374805092046', 'bankcard');
insert into UserAccounts (id, user_id, account_no, account_type) values (158, 25, '4905348279216049', 'switch');
insert into UserAccounts (id, user_id, account_no, account_type) values (159, 1, '5007667325385381', 'mastercard');
insert into UserAccounts (id, user_id, account_no, account_type) values (160, 98, '30473876477228', 'diners-club-carte-blanche');
insert into UserAccounts (id, user_id, account_no, account_type) values (161, 63, '3564107859798089', 'jcb');
insert into UserAccounts (id, user_id, account_no, account_type) values (162, 1, '3543322871585416', 'jcb');
insert into UserAccounts (id, user_id, account_no, account_type) values (163, 18, '5018347713988898513', 'maestro');
insert into UserAccounts (id, user_id, account_no, account_type) values (164, 91, '3585806951754529', 'jcb');
insert into UserAccounts (id, user_id, account_no, account_type) values (165, 1, '30596324740365', 'diners-club-carte-blanche');
insert into UserAccounts (id, user_id, account_no, account_type) values (166, 11, '5108750456751874', 'mastercard');
insert into UserAccounts (id, user_id, account_no, account_type) values (167, 89, '5100141127412948', 'mastercard');
insert into UserAccounts (id, user_id, account_no, account_type) values (168, 70, '56022132761733085', 'china-unionpay');
insert into UserAccounts (id, user_id, account_no, account_type) values (169, 57, '337941246188022', 'americanexpress');
insert into UserAccounts (id, user_id, account_no, account_type) values (170, 32, '5112791720864824', 'mastercard');
insert into UserAccounts (id, user_id, account_no, account_type) values (171, 34, '5602254077143794', 'bankcard');
insert into UserAccounts (id, user_id, account_no, account_type) values (172, 24, '6706050511110519700', 'laser');
insert into UserAccounts (id, user_id, account_no, account_type) values (173, 42, '3562140063541310', 'jcb');
insert into UserAccounts (id, user_id, account_no, account_type) values (174, 52, '4041378673586', 'visa');
insert into UserAccounts (id, user_id, account_no, account_type) values (175, 76, '3544395945477652', 'jcb');
insert into UserAccounts (id, user_id, account_no, account_type) values (176, 94, '3557854808858006', 'jcb');
insert into UserAccounts (id, user_id, account_no, account_type) values (177, 92, '3560598989492268', 'jcb');
insert into UserAccounts (id, user_id, account_no, account_type) values (178, 76, '337941271603119', 'americanexpress');
insert into UserAccounts (id, user_id, account_no, account_type) values (179, 13, '5448056776321094', 'diners-club-us-ca');
insert into UserAccounts (id, user_id, account_no, account_type) values (180, 72, '3564068853365863', 'jcb');
insert into UserAccounts (id, user_id, account_no, account_type) values (181, 84, '30323013170972', 'diners-club-carte-blanche');
insert into UserAccounts (id, user_id, account_no, account_type) values (182, 12, '6383030324883256', 'instapayment');
insert into UserAccounts (id, user_id, account_no, account_type) values (183, 51, '3559375784712817', 'jcb');
insert into UserAccounts (id, user_id, account_no, account_type) values (184, 56, '3556631623376856', 'jcb');
insert into UserAccounts (id, user_id, account_no, account_type) values (185, 27, '4913532306088915', 'visa-electron');
insert into UserAccounts (id, user_id, account_no, account_type) values (186, 41, '6304997992435957470', 'laser');
insert into UserAccounts (id, user_id, account_no, account_type) values (187, 100, '6771197993599787578', 'laser');
insert into UserAccounts (id, user_id, account_no, account_type) values (188, 62, '30590182966287', 'diners-club-carte-blanche');
insert into UserAccounts (id, user_id, account_no, account_type) values (189, 48, '3584169180920887', 'jcb');
insert into UserAccounts (id, user_id, account_no, account_type) values (190, 52, '5602246852979270101', 'china-unionpay');
insert into UserAccounts (id, user_id, account_no, account_type) values (191, 13, '4041595859601454', 'visa');
insert into UserAccounts (id, user_id, account_no, account_type) values (192, 18, '5602213881420897', 'bankcard');
insert into UserAccounts (id, user_id, account_no, account_type) values (193, 34, '4905866790197257', 'switch');
insert into UserAccounts (id, user_id, account_no, account_type) values (194, 28, '5588645126027474', 'diners-club-us-ca');
insert into UserAccounts (id, user_id, account_no, account_type) values (195, 14, '67717168223302918', 'laser');
insert into UserAccounts (id, user_id, account_no, account_type) values (196, 57, '5438138097951155', 'mastercard');
insert into UserAccounts (id, user_id, account_no, account_type) values (197, 55, '3574530512117454', 'jcb');
insert into UserAccounts (id, user_id, account_no, account_type) values (198, 11, '5602225488845771', 'bankcard');
insert into UserAccounts (id, user_id, account_no, account_type) values (199, 55, '4017954103358090', 'visa');
insert into UserAccounts (id, user_id, account_no, account_type) values (200, 32, '5100171639084281', 'mastercard');
insert into UserAccounts (id, user_id, account_no, account_type) values (201, 2, '3532424906092682', 'jcb');
insert into UserAccounts (id, user_id, account_no, account_type) values (202, 8, '30347116636258', 'diners-club-carte-blanche');
insert into UserAccounts (id, user_id, account_no, account_type) values (203, 65, '50385252394332107', 'maestro');
insert into UserAccounts (id, user_id, account_no, account_type) values (204, 28, '374622957175218', 'americanexpress');
insert into UserAccounts (id, user_id, account_no, account_type) values (205, 34, '4175002719633817', 'visa-electron');
insert into UserAccounts (id, user_id, account_no, account_type) values (206, 85, '5602245679117210', 'china-unionpay');
insert into UserAccounts (id, user_id, account_no, account_type) values (207, 39, '374288640371661', 'americanexpress');
insert into UserAccounts (id, user_id, account_no, account_type) values (208, 6, '5048371125116200', 'mastercard');
insert into UserAccounts (id, user_id, account_no, account_type) values (209, 9, '3573326312574312', 'jcb');
insert into UserAccounts (id, user_id, account_no, account_type) values (210, 74, '4917234174287564', 'visa-electron');
insert into UserAccounts (id, user_id, account_no, account_type) values (211, 22, '3550381752969164', 'jcb');
insert into UserAccounts (id, user_id, account_no, account_type) values (212, 51, '3530077945199702', 'jcb');
insert into UserAccounts (id, user_id, account_no, account_type) values (213, 32, '5602218897950860', 'bankcard');
insert into UserAccounts (id, user_id, account_no, account_type) values (214, 64, '6763638089820600443', 'maestro');
insert into UserAccounts (id, user_id, account_no, account_type) values (215, 16, '3550064297404422', 'jcb');
insert into UserAccounts (id, user_id, account_no, account_type) values (216, 73, '3547156432899700', 'jcb');
insert into UserAccounts (id, user_id, account_no, account_type) values (217, 41, '3559075093592336', 'jcb');
insert into UserAccounts (id, user_id, account_no, account_type) values (218, 55, '3529260949398842', 'jcb');
insert into UserAccounts (id, user_id, account_no, account_type) values (219, 17, '4844239688777719', 'visa-electron');
insert into UserAccounts (id, user_id, account_no, account_type) values (220, 86, '30322980996112', 'diners-club-carte-blanche');
insert into UserAccounts (id, user_id, account_no, account_type) values (221, 42, '3540051468158062', 'jcb');
insert into UserAccounts (id, user_id, account_no, account_type) values (222, 35, '201682581134428', 'diners-club-enroute');
insert into UserAccounts (id, user_id, account_no, account_type) values (223, 71, '5602213629939225832', 'china-unionpay');
insert into UserAccounts (id, user_id, account_no, account_type) values (224, 14, '201531426187226', 'diners-club-enroute');
insert into UserAccounts (id, user_id, account_no, account_type) values (225, 65, '371807194474374', 'americanexpress');
insert into UserAccounts (id, user_id, account_no, account_type) values (226, 70, '5602223234675774', 'bankcard');
insert into UserAccounts (id, user_id, account_no, account_type) values (227, 72, '5512286104142174', 'diners-club-us-ca');
insert into UserAccounts (id, user_id, account_no, account_type) values (228, 27, '589332603108274897', 'maestro');
insert into UserAccounts (id, user_id, account_no, account_type) values (229, 33, '3546608674705491', 'jcb');
insert into UserAccounts (id, user_id, account_no, account_type) values (230, 1, '503845123072573118', 'maestro');
insert into UserAccounts (id, user_id, account_no, account_type) values (231, 16, '30452803200275', 'diners-club-carte-blanche');
insert into UserAccounts (id, user_id, account_no, account_type) values (232, 78, '4844701011640096', 'visa-electron');
insert into UserAccounts (id, user_id, account_no, account_type) values (233, 40, '5610006443749682', 'bankcard');
insert into UserAccounts (id, user_id, account_no, account_type) values (234, 98, '6759829583735222', 'switch');
insert into UserAccounts (id, user_id, account_no, account_type) values (235, 56, '5100179527763783', 'mastercard');
insert into UserAccounts (id, user_id, account_no, account_type) values (236, 70, '5002358800084229', 'mastercard');
insert into UserAccounts (id, user_id, account_no, account_type) values (237, 39, '348590832644703', 'americanexpress');
insert into UserAccounts (id, user_id, account_no, account_type) values (238, 78, '5602223411385544', 'bankcard');
insert into UserAccounts (id, user_id, account_no, account_type) values (239, 1, '6767207527080274492', 'solo');
insert into UserAccounts (id, user_id, account_no, account_type) values (240, 64, '3550267850102966', 'jcb');
insert into UserAccounts (id, user_id, account_no, account_type) values (241, 51, '201941597592171', 'diners-club-enroute');
insert into UserAccounts (id, user_id, account_no, account_type) values (242, 11, '50206603188148702', 'maestro');
insert into UserAccounts (id, user_id, account_no, account_type) values (243, 22, '3553722639152564', 'jcb');
insert into UserAccounts (id, user_id, account_no, account_type) values (244, 36, '3559688738557496', 'jcb');
insert into UserAccounts (id, user_id, account_no, account_type) values (245, 17, '6331107576297329', 'switch');
insert into UserAccounts (id, user_id, account_no, account_type) values (246, 79, '3578825992867818', 'jcb');
insert into UserAccounts (id, user_id, account_no, account_type) values (247, 90, '375249628594145', 'americanexpress');
insert into UserAccounts (id, user_id, account_no, account_type) values (248, 70, '6388409696388174', 'instapayment');
insert into UserAccounts (id, user_id, account_no, account_type) values (249, 40, '337941176397809', 'americanexpress');
insert into UserAccounts (id, user_id, account_no, account_type) values (250, 62, '3552329955965040', 'jcb');
insert into UserAccounts (id, user_id, account_no, account_type) values (251, 20, '5602219857535378', 'bankcard');
insert into UserAccounts (id, user_id, account_no, account_type) values (252, 52, '6767782770140810011', 'solo');
insert into UserAccounts (id, user_id, account_no, account_type) values (253, 6, '30110260077012', 'diners-club-carte-blanche');
insert into UserAccounts (id, user_id, account_no, account_type) values (254, 81, '3558829063311593', 'jcb');
insert into UserAccounts (id, user_id, account_no, account_type) values (255, 22, '3549754044704397', 'jcb');
insert into UserAccounts (id, user_id, account_no, account_type) values (256, 79, '3551400030366024', 'jcb');
insert into UserAccounts (id, user_id, account_no, account_type) values (257, 21, '3558019287670525', 'jcb');
insert into UserAccounts (id, user_id, account_no, account_type) values (258, 66, '3555752812650173', 'jcb');
insert into UserAccounts (id, user_id, account_no, account_type) values (259, 62, '5584295631580544', 'mastercard');
insert into UserAccounts (id, user_id, account_no, account_type) values (260, 60, '4917229366640984', 'visa-electron');
insert into UserAccounts (id, user_id, account_no, account_type) values (261, 97, '6759162390121992', 'switch');
insert into UserAccounts (id, user_id, account_no, account_type) values (262, 100, '3571362683387796', 'jcb');
insert into UserAccounts (id, user_id, account_no, account_type) values (263, 13, '3578077709991685', 'jcb');
insert into UserAccounts (id, user_id, account_no, account_type) values (264, 71, '56022440829906597', 'china-unionpay');
insert into UserAccounts (id, user_id, account_no, account_type) values (265, 20, '3530289035396326', 'jcb');
insert into UserAccounts (id, user_id, account_no, account_type) values (266, 38, '3530994807837262', 'jcb');
insert into UserAccounts (id, user_id, account_no, account_type) values (267, 83, '5540266957669925', 'mastercard');
insert into UserAccounts (id, user_id, account_no, account_type) values (268, 60, '3530962492515048', 'jcb');
insert into UserAccounts (id, user_id, account_no, account_type) values (269, 11, '5602246339920134', 'bankcard');
insert into UserAccounts (id, user_id, account_no, account_type) values (270, 40, '5272787547064099', 'mastercard');
insert into UserAccounts (id, user_id, account_no, account_type) values (271, 21, '3557689468556692', 'jcb');
insert into UserAccounts (id, user_id, account_no, account_type) values (272, 12, '3529558500395598', 'jcb');
insert into UserAccounts (id, user_id, account_no, account_type) values (273, 52, '5602236213916589', 'bankcard');
insert into UserAccounts (id, user_id, account_no, account_type) values (274, 13, '3529045748514958', 'jcb');
insert into UserAccounts (id, user_id, account_no, account_type) values (275, 3, '3550792816205827', 'jcb');
insert into UserAccounts (id, user_id, account_no, account_type) values (276, 3, '370543389225419', 'americanexpress');
insert into UserAccounts (id, user_id, account_no, account_type) values (277, 45, '3566382731294619', 'jcb');
insert into UserAccounts (id, user_id, account_no, account_type) values (278, 15, '3583803809892827', 'jcb');
insert into UserAccounts (id, user_id, account_no, account_type) values (279, 51, '5602214992413151', 'bankcard');
insert into UserAccounts (id, user_id, account_no, account_type) values (280, 47, '4911507934206668669', 'switch');
insert into UserAccounts (id, user_id, account_no, account_type) values (281, 65, '5610034315790630811', 'china-unionpay');
insert into UserAccounts (id, user_id, account_no, account_type) values (282, 13, '3532904344907518', 'jcb');
insert into UserAccounts (id, user_id, account_no, account_type) values (283, 69, '3533114788994720', 'jcb');
insert into UserAccounts (id, user_id, account_no, account_type) values (284, 33, '3543586012621302', 'jcb');
insert into UserAccounts (id, user_id, account_no, account_type) values (285, 16, '5602249973566395', 'bankcard');
insert into UserAccounts (id, user_id, account_no, account_type) values (286, 63, '3554768987221807', 'jcb');
insert into UserAccounts (id, user_id, account_no, account_type) values (287, 18, '6379127329498332', 'instapayment');
insert into UserAccounts (id, user_id, account_no, account_type) values (288, 53, '4905975882611966', 'switch');
insert into UserAccounts (id, user_id, account_no, account_type) values (289, 23, '5562968496553865', 'mastercard');
insert into UserAccounts (id, user_id, account_no, account_type) values (290, 97, '4017951811671293', 'visa');
insert into UserAccounts (id, user_id, account_no, account_type) values (291, 10, '6388909276808145', 'instapayment');
insert into UserAccounts (id, user_id, account_no, account_type) values (292, 78, '5010128745354031', 'mastercard');
insert into UserAccounts (id, user_id, account_no, account_type) values (293, 41, '5010128594366342', 'mastercard');
insert into UserAccounts (id, user_id, account_no, account_type) values (294, 14, '3579285429124581', 'jcb');
insert into UserAccounts (id, user_id, account_no, account_type) values (295, 16, '3589445320599798', 'jcb');
insert into UserAccounts (id, user_id, account_no, account_type) values (296, 20, '3544777127381473', 'jcb');
insert into UserAccounts (id, user_id, account_no, account_type) values (297, 65, '3557487059591115', 'jcb');
insert into UserAccounts (id, user_id, account_no, account_type) values (298, 9, '3528288049598699', 'jcb');
insert into UserAccounts (id, user_id, account_no, account_type) values (299, 56, '3573841660845395', 'jcb');
insert into UserAccounts (id, user_id, account_no, account_type) values (300, 99, '3542163138220947', 'jcb');
insert into UserAccounts (id, user_id, account_no, account_type) values (301, 31, '3574802806650486', 'jcb');
insert into UserAccounts (id, user_id, account_no, account_type) values (302, 50, '56022295490501568', 'china-unionpay');
insert into UserAccounts (id, user_id, account_no, account_type) values (303, 12, '3543029866125377', 'jcb');
insert into UserAccounts (id, user_id, account_no, account_type) values (304, 58, '337941232870476', 'americanexpress');
insert into UserAccounts (id, user_id, account_no, account_type) values (305, 28, '4041599052263', 'visa');
insert into UserAccounts (id, user_id, account_no, account_type) values (306, 70, '6331109919143696171', 'switch');
insert into UserAccounts (id, user_id, account_no, account_type) values (307, 44, '67062360643307178', 'laser');
insert into UserAccounts (id, user_id, account_no, account_type) values (308, 94, '3574618660683417', 'jcb');
insert into UserAccounts (id, user_id, account_no, account_type) values (309, 58, '36489847080978', 'diners-club-international');
insert into UserAccounts (id, user_id, account_no, account_type) values (310, 36, '4936767553783030481', 'switch');
insert into UserAccounts (id, user_id, account_no, account_type) values (311, 55, '5578075599233122', 'mastercard');
insert into UserAccounts (id, user_id, account_no, account_type) values (312, 40, '5602217163964548', 'bankcard');
insert into UserAccounts (id, user_id, account_no, account_type) values (313, 76, '3551956211043054', 'jcb');
insert into UserAccounts (id, user_id, account_no, account_type) values (314, 50, '3546749606706387', 'jcb');
insert into UserAccounts (id, user_id, account_no, account_type) values (315, 72, '6380342549263914', 'instapayment');
insert into UserAccounts (id, user_id, account_no, account_type) values (316, 56, '3579816594038865', 'jcb');
insert into UserAccounts (id, user_id, account_no, account_type) values (317, 63, '5100141558390126', 'mastercard');
insert into UserAccounts (id, user_id, account_no, account_type) values (318, 21, '3570168239785495', 'jcb');
insert into UserAccounts (id, user_id, account_no, account_type) values (319, 20, '201963667900308', 'diners-club-enroute');
insert into UserAccounts (id, user_id, account_no, account_type) values (320, 37, '3549277239775105', 'jcb');
insert into UserAccounts (id, user_id, account_no, account_type) values (321, 91, '6385303824539290', 'instapayment');
insert into UserAccounts (id, user_id, account_no, account_type) values (322, 77, '3583674740349080', 'jcb');
insert into UserAccounts (id, user_id, account_no, account_type) values (323, 45, '4508778918787938', 'visa-electron');
insert into UserAccounts (id, user_id, account_no, account_type) values (324, 45, '4911194291917763042', 'switch');
insert into UserAccounts (id, user_id, account_no, account_type) values (325, 5, '3583205465571457', 'jcb');
insert into UserAccounts (id, user_id, account_no, account_type) values (326, 19, '372301411209671', 'americanexpress');
insert into UserAccounts (id, user_id, account_no, account_type) values (327, 8, '4844540767356923', 'visa-electron');
insert into UserAccounts (id, user_id, account_no, account_type) values (328, 3, '201738618572798', 'diners-club-enroute');
insert into UserAccounts (id, user_id, account_no, account_type) values (329, 87, '3561918337185407', 'jcb');
insert into UserAccounts (id, user_id, account_no, account_type) values (330, 50, '3589340142703753', 'jcb');
insert into UserAccounts (id, user_id, account_no, account_type) values (331, 40, '3577957279046849', 'jcb');
insert into UserAccounts (id, user_id, account_no, account_type) values (332, 18, '3549148274678258', 'jcb');
insert into UserAccounts (id, user_id, account_no, account_type) values (333, 78, '3531105650291528', 'jcb');
insert into UserAccounts (id, user_id, account_no, account_type) values (334, 21, '5413109992086784', 'mastercard');
insert into UserAccounts (id, user_id, account_no, account_type) values (335, 2, '3537518424330279', 'jcb');
insert into UserAccounts (id, user_id, account_no, account_type) values (336, 89, '5602224987483283', 'china-unionpay');
insert into UserAccounts (id, user_id, account_no, account_type) values (337, 12, '56022159464391887', 'china-unionpay');
insert into UserAccounts (id, user_id, account_no, account_type) values (338, 29, '3589287874901065', 'jcb');
insert into UserAccounts (id, user_id, account_no, account_type) values (339, 89, '6767340391843313859', 'solo');
insert into UserAccounts (id, user_id, account_no, account_type) values (340, 82, '5100130570268022', 'mastercard');
insert into UserAccounts (id, user_id, account_no, account_type) values (341, 65, '5020716576141382', 'maestro');
insert into UserAccounts (id, user_id, account_no, account_type) values (342, 80, '3547914645698222', 'jcb');
insert into UserAccounts (id, user_id, account_no, account_type) values (343, 89, '3551509272576791', 'jcb');
insert into UserAccounts (id, user_id, account_no, account_type) values (344, 94, '3551437890206791', 'jcb');
insert into UserAccounts (id, user_id, account_no, account_type) values (345, 25, '3546873278256131', 'jcb');
insert into UserAccounts (id, user_id, account_no, account_type) values (346, 87, '3535454981330761', 'jcb');
insert into UserAccounts (id, user_id, account_no, account_type) values (347, 91, '4026073903879665', 'visa-electron');
insert into UserAccounts (id, user_id, account_no, account_type) values (348, 7, '3551303591858035', 'jcb');
insert into UserAccounts (id, user_id, account_no, account_type) values (349, 4, '201724150524629', 'diners-club-enroute');
insert into UserAccounts (id, user_id, account_no, account_type) values (350, 35, '6759864144086132012', 'switch');
insert into UserAccounts (id, user_id, account_no, account_type) values (351, 46, '374622647143451', 'americanexpress');
insert into UserAccounts (id, user_id, account_no, account_type) values (352, 11, '3543020174134896', 'jcb');
insert into UserAccounts (id, user_id, account_no, account_type) values (353, 24, '3561262181295958', 'jcb');
insert into UserAccounts (id, user_id, account_no, account_type) values (354, 56, '372301839828300', 'americanexpress');
insert into UserAccounts (id, user_id, account_no, account_type) values (355, 98, '6761020514691249', 'maestro');
insert into UserAccounts (id, user_id, account_no, account_type) values (356, 7, '5602259966559190', 'bankcard');
insert into UserAccounts (id, user_id, account_no, account_type) values (357, 49, '3586728123824726', 'jcb');
insert into UserAccounts (id, user_id, account_no, account_type) values (358, 4, '6304389561101962', 'maestro');
insert into UserAccounts (id, user_id, account_no, account_type) values (359, 87, '4913532874838105', 'visa-electron');
insert into UserAccounts (id, user_id, account_no, account_type) values (360, 36, '3531188436757673', 'jcb');
insert into UserAccounts (id, user_id, account_no, account_type) values (361, 79, '5602229663125610244', 'china-unionpay');
insert into UserAccounts (id, user_id, account_no, account_type) values (362, 6, '3564198917422689', 'jcb');
insert into UserAccounts (id, user_id, account_no, account_type) values (363, 55, '3588899894646040', 'jcb');
insert into UserAccounts (id, user_id, account_no, account_type) values (364, 96, '3546576038173260', 'jcb');
insert into UserAccounts (id, user_id, account_no, account_type) values (365, 98, '3548540871445704', 'jcb');
insert into UserAccounts (id, user_id, account_no, account_type) values (366, 46, '3539872883341915', 'jcb');
insert into UserAccounts (id, user_id, account_no, account_type) values (367, 28, '201555623750569', 'diners-club-enroute');
insert into UserAccounts (id, user_id, account_no, account_type) values (368, 1, '5115349165609993', 'mastercard');
insert into UserAccounts (id, user_id, account_no, account_type) values (369, 47, '5641824574140270', 'switch');
insert into UserAccounts (id, user_id, account_no, account_type) values (370, 98, '3536177923579000', 'jcb');
insert into UserAccounts (id, user_id, account_no, account_type) values (371, 2, '4508735497956136', 'visa-electron');
insert into UserAccounts (id, user_id, account_no, account_type) values (372, 64, '6759159541823039', 'maestro');
insert into UserAccounts (id, user_id, account_no, account_type) values (373, 26, '67634353239509488', 'maestro');
insert into UserAccounts (id, user_id, account_no, account_type) values (374, 84, '3571990454844791', 'jcb');
insert into UserAccounts (id, user_id, account_no, account_type) values (375, 35, '201741240870184', 'diners-club-enroute');
insert into UserAccounts (id, user_id, account_no, account_type) values (376, 83, '30236913886366', 'diners-club-carte-blanche');
insert into UserAccounts (id, user_id, account_no, account_type) values (377, 82, '3565910906315099', 'jcb');
insert into UserAccounts (id, user_id, account_no, account_type) values (378, 64, '30498531788628', 'diners-club-carte-blanche');
insert into UserAccounts (id, user_id, account_no, account_type) values (379, 76, '4135953558543997', 'visa');
insert into UserAccounts (id, user_id, account_no, account_type) values (380, 50, '6767142827096043743', 'solo');
insert into UserAccounts (id, user_id, account_no, account_type) values (381, 23, '3541951043827140', 'jcb');
insert into UserAccounts (id, user_id, account_no, account_type) values (382, 40, '374622511369505', 'americanexpress');
insert into UserAccounts (id, user_id, account_no, account_type) values (383, 5, '6386095492027405', 'instapayment');
insert into UserAccounts (id, user_id, account_no, account_type) values (384, 98, '3573756860707932', 'jcb');
insert into UserAccounts (id, user_id, account_no, account_type) values (385, 68, '4041375419793699', 'visa');
insert into UserAccounts (id, user_id, account_no, account_type) values (386, 3, '6304244340677719', 'laser');
insert into UserAccounts (id, user_id, account_no, account_type) values (387, 50, '201633239946184', 'diners-club-enroute');
insert into UserAccounts (id, user_id, account_no, account_type) values (388, 65, '491108433433827016', 'switch');
insert into UserAccounts (id, user_id, account_no, account_type) values (389, 33, '5553020579387323', 'mastercard');
insert into UserAccounts (id, user_id, account_no, account_type) values (390, 72, '5048379169480523', 'mastercard');
insert into UserAccounts (id, user_id, account_no, account_type) values (391, 77, '50383931675004764', 'maestro');
insert into UserAccounts (id, user_id, account_no, account_type) values (392, 42, '4905994176221273818', 'switch');
insert into UserAccounts (id, user_id, account_no, account_type) values (393, 96, '3548195271420268', 'jcb');
insert into UserAccounts (id, user_id, account_no, account_type) values (394, 5, '4017954328449', 'visa');
insert into UserAccounts (id, user_id, account_no, account_type) values (395, 36, '201923739726636', 'diners-club-enroute');
insert into UserAccounts (id, user_id, account_no, account_type) values (396, 85, '372301971643772', 'americanexpress');
insert into UserAccounts (id, user_id, account_no, account_type) values (397, 48, '5007663940322495', 'mastercard');
insert into UserAccounts (id, user_id, account_no, account_type) values (398, 78, '5440058750139714', 'mastercard');
insert into UserAccounts (id, user_id, account_no, account_type) values (399, 51, '5289235279022530', 'mastercard');
insert into UserAccounts (id, user_id, account_no, account_type) values (400, 13, '490372723526549910', 'switch');
insert into UserAccounts (id, user_id, account_no, account_type) values (401, 27, '3575505141565611', 'jcb');
insert into UserAccounts (id, user_id, account_no, account_type) values (402, 58, '3569345600621854', 'jcb');
insert into UserAccounts (id, user_id, account_no, account_type) values (403, 17, '4917860834892789', 'visa-electron');
insert into UserAccounts (id, user_id, account_no, account_type) values (404, 53, '3574535513962436', 'jcb');
insert into UserAccounts (id, user_id, account_no, account_type) values (405, 12, '56022172822775063', 'china-unionpay');
insert into UserAccounts (id, user_id, account_no, account_type) values (406, 13, '5553842053076399', 'mastercard');
insert into UserAccounts (id, user_id, account_no, account_type) values (407, 82, '676252462022733285', 'maestro');
insert into UserAccounts (id, user_id, account_no, account_type) values (408, 36, '3550515717506930', 'jcb');
insert into UserAccounts (id, user_id, account_no, account_type) values (409, 32, '30117389377793', 'diners-club-carte-blanche');
insert into UserAccounts (id, user_id, account_no, account_type) values (410, 84, '3544748429451397', 'jcb');
insert into UserAccounts (id, user_id, account_no, account_type) values (411, 15, '3556396234943417', 'jcb');
insert into UserAccounts (id, user_id, account_no, account_type) values (412, 27, '4017954046440229', 'visa');
insert into UserAccounts (id, user_id, account_no, account_type) values (413, 69, '3564716489961824', 'jcb');
insert into UserAccounts (id, user_id, account_no, account_type) values (414, 49, '3564775427268437', 'jcb');
insert into UserAccounts (id, user_id, account_no, account_type) values (415, 35, '4041598232151643', 'visa');
insert into UserAccounts (id, user_id, account_no, account_type) values (416, 16, '3570608852648165', 'jcb');
insert into UserAccounts (id, user_id, account_no, account_type) values (417, 93, '36679044549458', 'diners-club-international');
insert into UserAccounts (id, user_id, account_no, account_type) values (418, 61, '5143084348639791', 'mastercard');
insert into UserAccounts (id, user_id, account_no, account_type) values (419, 74, '5443588741092181', 'diners-club-us-ca');
insert into UserAccounts (id, user_id, account_no, account_type) values (420, 68, '491118033626417092', 'switch');
insert into UserAccounts (id, user_id, account_no, account_type) values (421, 76, '4913410042146158', 'visa-electron');
insert into UserAccounts (id, user_id, account_no, account_type) values (422, 51, '3554105268264935', 'jcb');
insert into UserAccounts (id, user_id, account_no, account_type) values (423, 82, '3555390528926650', 'jcb');
insert into UserAccounts (id, user_id, account_no, account_type) values (424, 66, '3537880094639565', 'jcb');
insert into UserAccounts (id, user_id, account_no, account_type) values (425, 4, '3564829706577800', 'jcb');
insert into UserAccounts (id, user_id, account_no, account_type) values (426, 18, '3565383269678166', 'jcb');
insert into UserAccounts (id, user_id, account_no, account_type) values (427, 1, '201565719946039', 'diners-club-enroute');
insert into UserAccounts (id, user_id, account_no, account_type) values (428, 36, '3547534661981292', 'jcb');
insert into UserAccounts (id, user_id, account_no, account_type) values (429, 27, '5602211497557540', 'bankcard');
insert into UserAccounts (id, user_id, account_no, account_type) values (430, 82, '4913979945331521', 'visa-electron');
insert into UserAccounts (id, user_id, account_no, account_type) values (431, 67, '3539391324991014', 'jcb');
insert into UserAccounts (id, user_id, account_no, account_type) values (432, 5, '4041374189138185', 'visa');
insert into UserAccounts (id, user_id, account_no, account_type) values (433, 38, '3563227146948478', 'jcb');
insert into UserAccounts (id, user_id, account_no, account_type) values (434, 76, '6380271480719016', 'instapayment');
insert into UserAccounts (id, user_id, account_no, account_type) values (435, 23, '5100132501128036', 'mastercard');
insert into UserAccounts (id, user_id, account_no, account_type) values (436, 5, '3561249997055445', 'jcb');
insert into UserAccounts (id, user_id, account_no, account_type) values (437, 65, '5610520146232671', 'bankcard');
insert into UserAccounts (id, user_id, account_no, account_type) values (438, 17, '3557848129292820', 'jcb');
insert into UserAccounts (id, user_id, account_no, account_type) values (439, 53, '3554671307355380', 'jcb');
insert into UserAccounts (id, user_id, account_no, account_type) values (440, 69, '5038134059200209229', 'maestro');
insert into UserAccounts (id, user_id, account_no, account_type) values (441, 45, '3579522449264769', 'jcb');
insert into UserAccounts (id, user_id, account_no, account_type) values (442, 34, '30197879977005', 'diners-club-carte-blanche');
insert into UserAccounts (id, user_id, account_no, account_type) values (443, 3, '4911648767313253', 'switch');
insert into UserAccounts (id, user_id, account_no, account_type) values (444, 12, '3574763580222316', 'jcb');
insert into UserAccounts (id, user_id, account_no, account_type) values (445, 48, '3535595237638819', 'jcb');
insert into UserAccounts (id, user_id, account_no, account_type) values (446, 15, '5108752839280027', 'mastercard');
insert into UserAccounts (id, user_id, account_no, account_type) values (447, 84, '560225248976663762', 'china-unionpay');
insert into UserAccounts (id, user_id, account_no, account_type) values (448, 15, '5307504725962922', 'mastercard');
insert into UserAccounts (id, user_id, account_no, account_type) values (449, 99, '3568216423320787', 'jcb');
insert into UserAccounts (id, user_id, account_no, account_type) values (450, 75, '337941857167083', 'americanexpress');
insert into UserAccounts (id, user_id, account_no, account_type) values (451, 72, '3546640503744326', 'jcb');
insert into UserAccounts (id, user_id, account_no, account_type) values (452, 11, '5126865672880501', 'mastercard');
insert into UserAccounts (id, user_id, account_no, account_type) values (453, 56, '3544286154857256', 'jcb');
insert into UserAccounts (id, user_id, account_no, account_type) values (454, 17, '6709444346284590', 'laser');
insert into UserAccounts (id, user_id, account_no, account_type) values (455, 32, '5610603473856104', 'china-unionpay');
insert into UserAccounts (id, user_id, account_no, account_type) values (456, 44, '3575503257482119', 'jcb');
insert into UserAccounts (id, user_id, account_no, account_type) values (457, 1, '3581049107936179', 'jcb');
insert into UserAccounts (id, user_id, account_no, account_type) values (458, 44, '0604082788630634491', 'maestro');
insert into UserAccounts (id, user_id, account_no, account_type) values (459, 75, '67597179440322394', 'maestro');
insert into UserAccounts (id, user_id, account_no, account_type) values (460, 25, '3538265403217775', 'jcb');
insert into UserAccounts (id, user_id, account_no, account_type) values (461, 36, '3554719957339525', 'jcb');
insert into UserAccounts (id, user_id, account_no, account_type) values (462, 41, '374288559325369', 'americanexpress');
insert into UserAccounts (id, user_id, account_no, account_type) values (463, 16, '3560571395012186', 'jcb');
insert into UserAccounts (id, user_id, account_no, account_type) values (464, 42, '3541881321539192', 'jcb');
insert into UserAccounts (id, user_id, account_no, account_type) values (465, 28, '4405964553221045', 'visa-electron');
insert into UserAccounts (id, user_id, account_no, account_type) values (466, 19, '3562313806183035', 'jcb');
insert into UserAccounts (id, user_id, account_no, account_type) values (467, 7, '3542290953055239', 'jcb');
insert into UserAccounts (id, user_id, account_no, account_type) values (468, 65, '201841500846385', 'diners-club-enroute');
insert into UserAccounts (id, user_id, account_no, account_type) values (469, 86, '5020322897822709', 'maestro');
insert into UserAccounts (id, user_id, account_no, account_type) values (470, 73, '3543758118084798', 'jcb');
insert into UserAccounts (id, user_id, account_no, account_type) values (471, 42, '3577253610345490', 'jcb');
insert into UserAccounts (id, user_id, account_no, account_type) values (472, 57, '5602235498429672', 'bankcard');
insert into UserAccounts (id, user_id, account_no, account_type) values (473, 7, '372301666905676', 'americanexpress');
insert into UserAccounts (id, user_id, account_no, account_type) values (474, 33, '372301084413998', 'americanexpress');
insert into UserAccounts (id, user_id, account_no, account_type) values (475, 95, '3587448229912650', 'jcb');
insert into UserAccounts (id, user_id, account_no, account_type) values (476, 17, '5602245917959936', 'bankcard');
insert into UserAccounts (id, user_id, account_no, account_type) values (477, 65, '677180115684218129', 'laser');
insert into UserAccounts (id, user_id, account_no, account_type) values (478, 15, '5100140099419147', 'mastercard');
insert into UserAccounts (id, user_id, account_no, account_type) values (479, 62, '490545695257578254', 'switch');
insert into UserAccounts (id, user_id, account_no, account_type) values (480, 6, '5330276068086715', 'mastercard');
insert into UserAccounts (id, user_id, account_no, account_type) values (481, 82, '3550472143108859', 'jcb');
insert into UserAccounts (id, user_id, account_no, account_type) values (482, 20, '5602243734749739', 'bankcard');
insert into UserAccounts (id, user_id, account_no, account_type) values (483, 60, '5602221795036436', 'bankcard');
insert into UserAccounts (id, user_id, account_no, account_type) values (484, 38, '3575446240000178', 'jcb');
insert into UserAccounts (id, user_id, account_no, account_type) values (485, 27, '5602259317122250', 'bankcard');
insert into UserAccounts (id, user_id, account_no, account_type) values (486, 56, '374283076864891', 'americanexpress');
insert into UserAccounts (id, user_id, account_no, account_type) values (487, 20, '4917170885853130', 'visa-electron');
insert into UserAccounts (id, user_id, account_no, account_type) values (488, 51, '5426282459795026', 'diners-club-us-ca');
insert into UserAccounts (id, user_id, account_no, account_type) values (489, 83, '670615600351599174', 'laser');
insert into UserAccounts (id, user_id, account_no, account_type) values (490, 51, '3570743256107839', 'jcb');
insert into UserAccounts (id, user_id, account_no, account_type) values (491, 24, '3560563666301125', 'jcb');
insert into UserAccounts (id, user_id, account_no, account_type) values (492, 46, '5602227317361824173', 'china-unionpay');
insert into UserAccounts (id, user_id, account_no, account_type) values (493, 91, '493601738905310814', 'switch');
insert into UserAccounts (id, user_id, account_no, account_type) values (494, 19, '5100176594178689', 'mastercard');
insert into UserAccounts (id, user_id, account_no, account_type) values (495, 6, '5602213874695117', 'bankcard');
insert into UserAccounts (id, user_id, account_no, account_type) values (496, 54, '5602227600407092', 'bankcard');
insert into UserAccounts (id, user_id, account_no, account_type) values (497, 48, '5100173326476663', 'mastercard');
insert into UserAccounts (id, user_id, account_no, account_type) values (498, 18, '4026350121260864', 'visa-electron');
insert into UserAccounts (id, user_id, account_no, account_type) values (499, 73, '63049115786394632', 'laser');
insert into UserAccounts (id, user_id, account_no, account_type) values (500, 16, '5193838899707193', 'mastercard');

GO

create table Payments (
	id INT,
	account_id INT,
	date DATE,
	amount DECIMAL(5,2),
	reference VARCHAR(50)
);
insert into Payments (id, account_id, date, amount, reference) values (1, 19, '04/28/2015', 51.7, '434865899-4');
insert into Payments (id, account_id, date, amount, reference) values (2, 99, '03/19/2016', 451.43, '879242517-8');
insert into Payments (id, account_id, date, amount, reference) values (3, 3, '02/26/2016', 48.24, '751368598-3');
insert into Payments (id, account_id, date, amount, reference) values (4, 57, '02/25/2016', 172.76, '194203470-9');
insert into Payments (id, account_id, date, amount, reference) values (5, 20, '03/27/2016', 42.55, '396965239-1');
insert into Payments (id, account_id, date, amount, reference) values (6, 59, '06/22/2015', 223.09, '660943801-3');
insert into Payments (id, account_id, date, amount, reference) values (7, 37, '06/13/2015', 363.86, '046980948-5');
insert into Payments (id, account_id, date, amount, reference) values (8, 80, '09/14/2015', 305.88, '797431148-7');
insert into Payments (id, account_id, date, amount, reference) values (9, 29, '01/24/2016', 459.68, '181844335-X');
insert into Payments (id, account_id, date, amount, reference) values (10, 28, '10/30/2015', 382.42, '542681137-7');
insert into Payments (id, account_id, date, amount, reference) values (11, 8, '01/22/2016', 42.78, '879818753-8');
insert into Payments (id, account_id, date, amount, reference) values (12, 74, '03/15/2016', 472.05, '890690539-4');
insert into Payments (id, account_id, date, amount, reference) values (13, 55, '12/24/2015', 222.99, '284664196-X');
insert into Payments (id, account_id, date, amount, reference) values (14, 65, '06/23/2015', 159.37, '335045229-9');
insert into Payments (id, account_id, date, amount, reference) values (15, 4, '12/07/2015', 359.82, '243023607-9');
insert into Payments (id, account_id, date, amount, reference) values (16, 81, '01/30/2016', 479.61, '634980426-0');
insert into Payments (id, account_id, date, amount, reference) values (17, 21, '06/17/2015', 321.98, '494829999-5');
insert into Payments (id, account_id, date, amount, reference) values (18, 14, '02/15/2016', 261.62, '299797930-7');
insert into Payments (id, account_id, date, amount, reference) values (19, 48, '09/18/2015', 102.86, '791600683-9');
insert into Payments (id, account_id, date, amount, reference) values (20, 22, '05/31/2015', 307.66, '844769602-2');
insert into Payments (id, account_id, date, amount, reference) values (21, 24, '06/29/2015', 492.23, '843025529-X');
insert into Payments (id, account_id, date, amount, reference) values (22, 84, '08/01/2015', 254.1, '176636352-0');
insert into Payments (id, account_id, date, amount, reference) values (23, 25, '09/15/2015', 306.9, '069787977-1');
insert into Payments (id, account_id, date, amount, reference) values (24, 55, '09/16/2015', 68.16, '858910151-7');
insert into Payments (id, account_id, date, amount, reference) values (25, 18, '11/10/2015', 283.51, '575327323-8');
insert into Payments (id, account_id, date, amount, reference) values (26, 16, '08/23/2015', 209.9, '186642983-3');
insert into Payments (id, account_id, date, amount, reference) values (27, 83, '09/13/2015', 127.1, '933668240-7');
insert into Payments (id, account_id, date, amount, reference) values (28, 58, '04/03/2016', 446.33, '259733694-8');
insert into Payments (id, account_id, date, amount, reference) values (29, 63, '04/14/2015', 175.12, '790450580-0');
insert into Payments (id, account_id, date, amount, reference) values (30, 15, '02/21/2016', 445.2, '568128675-4');
insert into Payments (id, account_id, date, amount, reference) values (31, 12, '12/20/2015', 147.0, '959720458-4');
insert into Payments (id, account_id, date, amount, reference) values (32, 55, '03/30/2016', 426.47, '267715454-4');
insert into Payments (id, account_id, date, amount, reference) values (33, 40, '09/16/2015', 404.65, '398696516-5');
insert into Payments (id, account_id, date, amount, reference) values (34, 62, '11/05/2015', 436.31, '990313483-5');
insert into Payments (id, account_id, date, amount, reference) values (35, 89, '03/23/2016', 306.25, '513484512-3');
insert into Payments (id, account_id, date, amount, reference) values (36, 30, '07/09/2015', 240.97, '007595811-2');
insert into Payments (id, account_id, date, amount, reference) values (37, 26, '07/22/2015', 71.07, '950507097-7');
insert into Payments (id, account_id, date, amount, reference) values (38, 79, '08/28/2015', 328.39, '721818163-5');
insert into Payments (id, account_id, date, amount, reference) values (39, 5, '07/30/2015', 113.77, '862260682-1');
insert into Payments (id, account_id, date, amount, reference) values (40, 14, '04/05/2016', 215.84, '720364092-2');
insert into Payments (id, account_id, date, amount, reference) values (41, 61, '06/25/2015', 261.35, '095723792-8');
insert into Payments (id, account_id, date, amount, reference) values (42, 84, '01/24/2016', 383.55, '258592042-9');
insert into Payments (id, account_id, date, amount, reference) values (43, 84, '12/27/2015', 293.25, '981101498-1');
insert into Payments (id, account_id, date, amount, reference) values (44, 11, '11/30/2015', 102.58, '868329713-6');
insert into Payments (id, account_id, date, amount, reference) values (45, 11, '12/01/2015', 319.6, '078545298-2');
insert into Payments (id, account_id, date, amount, reference) values (46, 18, '06/16/2015', 254.6, '705247620-7');
insert into Payments (id, account_id, date, amount, reference) values (47, 36, '06/19/2015', 363.04, '852299297-5');
insert into Payments (id, account_id, date, amount, reference) values (48, 7, '03/01/2016', 19.39, '251171440-X');
insert into Payments (id, account_id, date, amount, reference) values (49, 84, '07/21/2015', 405.16, '789300824-5');
insert into Payments (id, account_id, date, amount, reference) values (50, 88, '06/07/2015', 340.97, '353813543-6');
insert into Payments (id, account_id, date, amount, reference) values (51, 77, '02/27/2016', 214.92, '614064732-0');
insert into Payments (id, account_id, date, amount, reference) values (52, 44, '11/26/2015', 108.89, '948772201-7');
insert into Payments (id, account_id, date, amount, reference) values (53, 26, '04/13/2015', 249.47, '529791494-9');
insert into Payments (id, account_id, date, amount, reference) values (54, 77, '09/20/2015', 143.32, '359212742-X');
insert into Payments (id, account_id, date, amount, reference) values (55, 48, '10/31/2015', 30.16, '341783019-2');
insert into Payments (id, account_id, date, amount, reference) values (56, 84, '05/05/2015', 172.42, '763502155-9');
insert into Payments (id, account_id, date, amount, reference) values (57, 25, '02/09/2016', 293.49, '793034460-6');
insert into Payments (id, account_id, date, amount, reference) values (58, 58, '08/05/2015', 402.54, '213828115-9');
insert into Payments (id, account_id, date, amount, reference) values (59, 37, '12/28/2015', 125.48, '967749144-X');
insert into Payments (id, account_id, date, amount, reference) values (60, 49, '03/04/2016', 146.35, '942114010-9');
insert into Payments (id, account_id, date, amount, reference) values (61, 63, '06/28/2015', 475.05, '178707438-2');
insert into Payments (id, account_id, date, amount, reference) values (62, 11, '04/16/2015', 373.1, '414524524-5');
insert into Payments (id, account_id, date, amount, reference) values (63, 7, '03/31/2016', 265.93, '423566764-5');
insert into Payments (id, account_id, date, amount, reference) values (64, 2, '03/14/2016', 19.68, '738453887-4');
insert into Payments (id, account_id, date, amount, reference) values (65, 24, '12/17/2015', 305.89, '408612676-1');
insert into Payments (id, account_id, date, amount, reference) values (66, 11, '05/11/2015', 185.67, '222866003-5');
insert into Payments (id, account_id, date, amount, reference) values (67, 50, '04/14/2015', 107.67, '754247990-3');
insert into Payments (id, account_id, date, amount, reference) values (68, 19, '03/22/2016', 299.37, '484244930-6');
insert into Payments (id, account_id, date, amount, reference) values (69, 10, '11/29/2015', 340.26, '372351444-8');
insert into Payments (id, account_id, date, amount, reference) values (70, 81, '06/20/2015', 91.15, '863845855-X');
insert into Payments (id, account_id, date, amount, reference) values (71, 43, '10/11/2015', 314.83, '716713490-2');
insert into Payments (id, account_id, date, amount, reference) values (72, 40, '02/01/2016', 353.62, '707943815-2');
insert into Payments (id, account_id, date, amount, reference) values (73, 77, '02/14/2016', 135.53, '467587911-X');
insert into Payments (id, account_id, date, amount, reference) values (74, 73, '10/21/2015', 461.59, '472243382-8');
insert into Payments (id, account_id, date, amount, reference) values (75, 42, '06/05/2015', 456.33, '903080976-0');
insert into Payments (id, account_id, date, amount, reference) values (76, 38, '09/12/2015', 82.15, '744345094-X');
insert into Payments (id, account_id, date, amount, reference) values (77, 27, '10/08/2015', 38.41, '603823403-9');
insert into Payments (id, account_id, date, amount, reference) values (78, 100, '11/04/2015', 54.26, '554952630-1');
insert into Payments (id, account_id, date, amount, reference) values (79, 78, '05/05/2015', 307.25, '446875045-6');
insert into Payments (id, account_id, date, amount, reference) values (80, 19, '03/11/2016', 414.2, '334514573-1');
insert into Payments (id, account_id, date, amount, reference) values (81, 62, '08/02/2015', 397.08, '240751778-4');
insert into Payments (id, account_id, date, amount, reference) values (82, 80, '05/10/2015', 391.9, '358473856-3');
insert into Payments (id, account_id, date, amount, reference) values (83, 68, '04/21/2015', 347.34, '896005407-0');
insert into Payments (id, account_id, date, amount, reference) values (84, 95, '12/31/2015', 33.33, '929078009-6');
insert into Payments (id, account_id, date, amount, reference) values (85, 95, '12/30/2015', 86.55, '102213799-9');
insert into Payments (id, account_id, date, amount, reference) values (86, 48, '02/12/2016', 346.3, '190851001-3');
insert into Payments (id, account_id, date, amount, reference) values (87, 27, '12/27/2015', 325.27, '417473392-9');
insert into Payments (id, account_id, date, amount, reference) values (88, 8, '03/20/2016', 299.88, '255636047-X');
insert into Payments (id, account_id, date, amount, reference) values (89, 84, '11/23/2015', 80.38, '784032231-X');
insert into Payments (id, account_id, date, amount, reference) values (90, 41, '06/15/2015', 151.41, '956330009-2');
insert into Payments (id, account_id, date, amount, reference) values (91, 20, '09/04/2015', 90.9, '012582941-8');
insert into Payments (id, account_id, date, amount, reference) values (92, 88, '03/14/2016', 368.9, '081132610-1');
insert into Payments (id, account_id, date, amount, reference) values (93, 95, '08/05/2015', 29.71, '728374308-1');
insert into Payments (id, account_id, date, amount, reference) values (94, 95, '12/08/2015', 192.83, '105078905-9');
insert into Payments (id, account_id, date, amount, reference) values (95, 99, '03/27/2016', 144.37, '365096936-X');
insert into Payments (id, account_id, date, amount, reference) values (96, 65, '08/16/2015', 254.41, '330349725-7');
insert into Payments (id, account_id, date, amount, reference) values (97, 3, '01/25/2016', 423.7, '880578465-6');
insert into Payments (id, account_id, date, amount, reference) values (98, 18, '04/09/2016', 368.09, '608137633-8');
insert into Payments (id, account_id, date, amount, reference) values (99, 77, '03/07/2016', 74.87, '934893252-7');
insert into Payments (id, account_id, date, amount, reference) values (100, 13, '02/13/2016', 390.49, '893937641-2');
insert into Payments (id, account_id, date, amount, reference) values (101, 11, '10/21/2015', 251.7, '174219030-8');
insert into Payments (id, account_id, date, amount, reference) values (102, 18, '03/16/2016', 94.17, '236327711-2');
insert into Payments (id, account_id, date, amount, reference) values (103, 78, '08/30/2015', 47.79, '428680301-5');
insert into Payments (id, account_id, date, amount, reference) values (104, 96, '04/01/2016', 442.65, '570959114-9');
insert into Payments (id, account_id, date, amount, reference) values (105, 23, '04/14/2015', 15.71, '147330471-7');
insert into Payments (id, account_id, date, amount, reference) values (106, 89, '02/06/2016', 450.56, '265413682-5');
insert into Payments (id, account_id, date, amount, reference) values (107, 99, '07/23/2015', 321.05, '595240378-6');
insert into Payments (id, account_id, date, amount, reference) values (108, 67, '09/28/2015', 48.59, '641863509-4');
insert into Payments (id, account_id, date, amount, reference) values (109, 19, '09/08/2015', 292.17, '012115612-5');
insert into Payments (id, account_id, date, amount, reference) values (110, 57, '12/24/2015', 61.5, '302795969-7');
insert into Payments (id, account_id, date, amount, reference) values (111, 46, '01/20/2016', 312.67, '643304974-5');
insert into Payments (id, account_id, date, amount, reference) values (112, 68, '01/22/2016', 109.7, '717343334-7');
insert into Payments (id, account_id, date, amount, reference) values (113, 83, '05/05/2015', 470.68, '711643002-4');
insert into Payments (id, account_id, date, amount, reference) values (114, 77, '10/10/2015', 476.75, '130476976-3');
insert into Payments (id, account_id, date, amount, reference) values (115, 98, '11/06/2015', 298.03, '936921631-6');
insert into Payments (id, account_id, date, amount, reference) values (116, 7, '09/12/2015', 235.74, '762084567-4');
insert into Payments (id, account_id, date, amount, reference) values (117, 35, '06/05/2015', 34.76, '542193501-9');
insert into Payments (id, account_id, date, amount, reference) values (118, 87, '06/19/2015', 81.23, '997037701-9');
insert into Payments (id, account_id, date, amount, reference) values (119, 99, '08/30/2015', 436.73, '287813410-9');
insert into Payments (id, account_id, date, amount, reference) values (120, 22, '02/28/2016', 460.0, '292481411-1');
insert into Payments (id, account_id, date, amount, reference) values (121, 94, '08/11/2015', 405.96, '326041186-0');
insert into Payments (id, account_id, date, amount, reference) values (122, 49, '10/27/2015', 450.2, '637909861-5');
insert into Payments (id, account_id, date, amount, reference) values (123, 79, '12/10/2015', 154.64, '603483348-5');
insert into Payments (id, account_id, date, amount, reference) values (124, 32, '06/15/2015', 320.7, '753006375-8');
insert into Payments (id, account_id, date, amount, reference) values (125, 62, '01/05/2016', 163.57, '850223753-5');
insert into Payments (id, account_id, date, amount, reference) values (126, 14, '06/10/2015', 280.24, '780218979-9');
insert into Payments (id, account_id, date, amount, reference) values (127, 37, '01/01/2016', 80.43, '370829177-8');
insert into Payments (id, account_id, date, amount, reference) values (128, 54, '10/02/2015', 465.62, '631297204-6');
insert into Payments (id, account_id, date, amount, reference) values (129, 58, '05/30/2015', 467.58, '276349276-2');
insert into Payments (id, account_id, date, amount, reference) values (130, 55, '12/04/2015', 219.73, '223648117-9');
insert into Payments (id, account_id, date, amount, reference) values (131, 91, '07/28/2015', 156.07, '866936757-2');
insert into Payments (id, account_id, date, amount, reference) values (132, 30, '04/03/2016', 34.98, '897221204-0');
insert into Payments (id, account_id, date, amount, reference) values (133, 60, '05/29/2015', 375.13, '812404098-2');
insert into Payments (id, account_id, date, amount, reference) values (134, 77, '12/07/2015', 437.55, '921374038-7');
insert into Payments (id, account_id, date, amount, reference) values (135, 36, '05/05/2015', 135.68, '294581077-8');
insert into Payments (id, account_id, date, amount, reference) values (136, 94, '07/23/2015', 432.03, '153523386-9');
insert into Payments (id, account_id, date, amount, reference) values (137, 56, '08/01/2015', 173.93, '413958189-1');
insert into Payments (id, account_id, date, amount, reference) values (138, 38, '08/11/2015', 50.65, '381575045-8');
insert into Payments (id, account_id, date, amount, reference) values (139, 48, '07/11/2015', 178.58, '580017077-0');
insert into Payments (id, account_id, date, amount, reference) values (140, 58, '01/26/2016', 307.77, '588725969-8');
insert into Payments (id, account_id, date, amount, reference) values (141, 36, '04/03/2016', 149.57, '423828733-9');
insert into Payments (id, account_id, date, amount, reference) values (142, 33, '02/22/2016', 349.24, '406708885-X');
insert into Payments (id, account_id, date, amount, reference) values (143, 8, '08/09/2015', 340.3, '527519265-7');
insert into Payments (id, account_id, date, amount, reference) values (144, 83, '12/24/2015', 159.67, '452499453-X');
insert into Payments (id, account_id, date, amount, reference) values (145, 14, '06/18/2015', 487.14, '859412851-7');
insert into Payments (id, account_id, date, amount, reference) values (146, 95, '11/15/2015', 141.87, '914198210-X');
insert into Payments (id, account_id, date, amount, reference) values (147, 65, '01/30/2016', 186.4, '751245132-6');
insert into Payments (id, account_id, date, amount, reference) values (148, 48, '03/02/2016', 89.69, '375006359-1');
insert into Payments (id, account_id, date, amount, reference) values (149, 1, '06/03/2015', 121.6, '598306123-2');
insert into Payments (id, account_id, date, amount, reference) values (150, 32, '06/11/2015', 120.21, '906453169-2');
insert into Payments (id, account_id, date, amount, reference) values (151, 99, '01/30/2016', 269.69, '345162322-6');
insert into Payments (id, account_id, date, amount, reference) values (152, 61, '05/26/2015', 96.69, '158665773-9');
insert into Payments (id, account_id, date, amount, reference) values (153, 50, '07/23/2015', 67.08, '262548421-7');
insert into Payments (id, account_id, date, amount, reference) values (154, 78, '10/04/2015', 319.01, '463641784-4');
insert into Payments (id, account_id, date, amount, reference) values (155, 90, '05/14/2015', 490.24, '014867302-3');
insert into Payments (id, account_id, date, amount, reference) values (156, 28, '05/02/2015', 159.55, '546432831-9');
insert into Payments (id, account_id, date, amount, reference) values (157, 27, '02/09/2016', 301.6, '927894510-2');
insert into Payments (id, account_id, date, amount, reference) values (158, 66, '06/22/2015', 136.93, '769863320-9');
insert into Payments (id, account_id, date, amount, reference) values (159, 71, '06/10/2015', 45.88, '141659699-2');
insert into Payments (id, account_id, date, amount, reference) values (160, 15, '10/09/2015', 327.13, '773061534-7');
insert into Payments (id, account_id, date, amount, reference) values (161, 38, '01/24/2016', 222.48, '158301587-6');
insert into Payments (id, account_id, date, amount, reference) values (162, 77, '08/20/2015', 205.73, '405197238-0');
insert into Payments (id, account_id, date, amount, reference) values (163, 69, '08/11/2015', 307.7, '717832394-9');
insert into Payments (id, account_id, date, amount, reference) values (164, 95, '12/18/2015', 446.13, '621104946-3');
insert into Payments (id, account_id, date, amount, reference) values (165, 3, '03/17/2016', 385.45, '905354391-0');
insert into Payments (id, account_id, date, amount, reference) values (166, 85, '12/13/2015', 270.38, '783602914-X');
insert into Payments (id, account_id, date, amount, reference) values (167, 88, '02/18/2016', 125.22, '334051383-X');
insert into Payments (id, account_id, date, amount, reference) values (168, 52, '08/23/2015', 478.51, '752563628-1');
insert into Payments (id, account_id, date, amount, reference) values (169, 29, '06/16/2015', 269.84, '890774730-X');
insert into Payments (id, account_id, date, amount, reference) values (170, 51, '11/18/2015', 112.01, '455511930-4');
insert into Payments (id, account_id, date, amount, reference) values (171, 40, '10/10/2015', 13.44, '604581420-7');
insert into Payments (id, account_id, date, amount, reference) values (172, 12, '02/28/2016', 448.05, '027661513-1');
insert into Payments (id, account_id, date, amount, reference) values (173, 72, '12/04/2015', 180.15, '345225308-2');
insert into Payments (id, account_id, date, amount, reference) values (174, 2, '03/22/2016', 200.79, '615345869-6');
insert into Payments (id, account_id, date, amount, reference) values (175, 29, '07/28/2015', 317.12, '097261857-0');
insert into Payments (id, account_id, date, amount, reference) values (176, 10, '12/27/2015', 189.74, '935748036-6');
insert into Payments (id, account_id, date, amount, reference) values (177, 39, '06/01/2015', 414.69, '407218195-1');
insert into Payments (id, account_id, date, amount, reference) values (178, 48, '05/26/2015', 488.06, '439705647-1');
insert into Payments (id, account_id, date, amount, reference) values (179, 13, '11/14/2015', 390.33, '614513268-X');
insert into Payments (id, account_id, date, amount, reference) values (180, 14, '08/26/2015', 84.46, '746492507-6');
insert into Payments (id, account_id, date, amount, reference) values (181, 43, '11/16/2015', 88.59, '124464357-2');
insert into Payments (id, account_id, date, amount, reference) values (182, 47, '01/02/2016', 241.86, '363162968-0');
insert into Payments (id, account_id, date, amount, reference) values (183, 71, '07/31/2015', 317.4, '788639915-3');
insert into Payments (id, account_id, date, amount, reference) values (184, 93, '07/18/2015', 111.21, '515735429-0');
insert into Payments (id, account_id, date, amount, reference) values (185, 27, '11/01/2015', 219.38, '431888733-2');
insert into Payments (id, account_id, date, amount, reference) values (186, 89, '02/23/2016', 187.59, '333022682-X');
insert into Payments (id, account_id, date, amount, reference) values (187, 66, '12/07/2015', 186.85, '018262967-8');
insert into Payments (id, account_id, date, amount, reference) values (188, 20, '06/19/2015', 301.17, '131157436-0');
insert into Payments (id, account_id, date, amount, reference) values (189, 33, '02/14/2016', 147.71, '013527388-9');
insert into Payments (id, account_id, date, amount, reference) values (190, 46, '09/21/2015', 257.58, '778688977-9');
insert into Payments (id, account_id, date, amount, reference) values (191, 1, '05/09/2015', 218.77, '844380403-3');
insert into Payments (id, account_id, date, amount, reference) values (192, 17, '05/11/2015', 260.43, '239005888-4');
insert into Payments (id, account_id, date, amount, reference) values (193, 92, '01/05/2016', 425.63, '038087247-1');
insert into Payments (id, account_id, date, amount, reference) values (194, 33, '06/28/2015', 316.9, '812130949-2');
insert into Payments (id, account_id, date, amount, reference) values (195, 73, '04/03/2016', 304.44, '235176571-0');
insert into Payments (id, account_id, date, amount, reference) values (196, 31, '03/20/2016', 339.56, '444565164-8');
insert into Payments (id, account_id, date, amount, reference) values (197, 10, '06/07/2015', 40.52, '598104551-5');
insert into Payments (id, account_id, date, amount, reference) values (198, 4, '02/26/2016', 110.07, '809535493-7');
insert into Payments (id, account_id, date, amount, reference) values (199, 70, '06/01/2015', 119.58, '407282218-3');
insert into Payments (id, account_id, date, amount, reference) values (200, 55, '01/23/2016', 192.61, '719429453-2');
insert into Payments (id, account_id, date, amount, reference) values (201, 35, '01/20/2016', 30.51, '610509253-9');
insert into Payments (id, account_id, date, amount, reference) values (202, 32, '12/11/2015', 122.66, '911389821-3');
insert into Payments (id, account_id, date, amount, reference) values (203, 85, '06/01/2015', 302.58, '928393326-5');
insert into Payments (id, account_id, date, amount, reference) values (204, 17, '05/01/2015', 131.61, '077609087-9');
insert into Payments (id, account_id, date, amount, reference) values (205, 75, '01/03/2016', 413.45, '255305573-0');
insert into Payments (id, account_id, date, amount, reference) values (206, 43, '09/22/2015', 304.52, '131071468-1');
insert into Payments (id, account_id, date, amount, reference) values (207, 73, '08/04/2015', 43.41, '795066405-3');
insert into Payments (id, account_id, date, amount, reference) values (208, 39, '03/26/2016', 328.08, '277527491-9');
insert into Payments (id, account_id, date, amount, reference) values (209, 66, '01/11/2016', 41.11, '146093415-6');
insert into Payments (id, account_id, date, amount, reference) values (210, 73, '08/25/2015', 312.97, '363085912-7');
insert into Payments (id, account_id, date, amount, reference) values (211, 14, '12/22/2015', 70.6, '764654562-7');
insert into Payments (id, account_id, date, amount, reference) values (212, 21, '02/16/2016', 320.79, '401872715-1');
insert into Payments (id, account_id, date, amount, reference) values (213, 16, '09/17/2015', 413.96, '698103854-4');
insert into Payments (id, account_id, date, amount, reference) values (214, 30, '05/04/2015', 321.72, '655323420-5');
insert into Payments (id, account_id, date, amount, reference) values (215, 71, '11/24/2015', 37.99, '024488127-8');
insert into Payments (id, account_id, date, amount, reference) values (216, 49, '12/01/2015', 395.74, '206925469-0');
insert into Payments (id, account_id, date, amount, reference) values (217, 91, '11/14/2015', 226.34, '147532587-8');
insert into Payments (id, account_id, date, amount, reference) values (218, 56, '10/02/2015', 337.8, '727144595-1');
insert into Payments (id, account_id, date, amount, reference) values (219, 62, '12/05/2015', 396.39, '348811039-7');
insert into Payments (id, account_id, date, amount, reference) values (220, 16, '07/05/2015', 201.7, '288554780-4');
insert into Payments (id, account_id, date, amount, reference) values (221, 53, '04/14/2015', 331.4, '123572501-4');
insert into Payments (id, account_id, date, amount, reference) values (222, 42, '07/29/2015', 67.84, '242771497-6');
insert into Payments (id, account_id, date, amount, reference) values (223, 57, '04/16/2015', 142.53, '055899247-1');
insert into Payments (id, account_id, date, amount, reference) values (224, 1, '07/03/2015', 332.69, '050714178-4');
insert into Payments (id, account_id, date, amount, reference) values (225, 46, '03/03/2016', 359.86, '048085755-5');
insert into Payments (id, account_id, date, amount, reference) values (226, 39, '03/09/2016', 42.92, '968148444-4');
insert into Payments (id, account_id, date, amount, reference) values (227, 65, '06/16/2015', 477.66, '796726776-1');
insert into Payments (id, account_id, date, amount, reference) values (228, 66, '04/11/2016', 274.5, '754763539-3');
insert into Payments (id, account_id, date, amount, reference) values (229, 67, '09/04/2015', 347.26, '908024652-2');
insert into Payments (id, account_id, date, amount, reference) values (230, 67, '11/21/2015', 313.01, '041198545-0');
insert into Payments (id, account_id, date, amount, reference) values (231, 49, '10/26/2015', 392.13, '041872162-9');
insert into Payments (id, account_id, date, amount, reference) values (232, 27, '11/05/2015', 176.66, '931169794-X');
insert into Payments (id, account_id, date, amount, reference) values (233, 40, '07/29/2015', 336.71, '765922907-9');
insert into Payments (id, account_id, date, amount, reference) values (234, 72, '12/06/2015', 285.15, '021181330-3');
insert into Payments (id, account_id, date, amount, reference) values (235, 34, '12/25/2015', 125.06, '350483180-4');
insert into Payments (id, account_id, date, amount, reference) values (236, 72, '08/30/2015', 104.42, '120935880-8');
insert into Payments (id, account_id, date, amount, reference) values (237, 37, '06/09/2015', 40.06, '686590307-2');
insert into Payments (id, account_id, date, amount, reference) values (238, 65, '09/22/2015', 329.63, '117815160-3');
insert into Payments (id, account_id, date, amount, reference) values (239, 1, '11/12/2015', 338.77, '723346336-0');
insert into Payments (id, account_id, date, amount, reference) values (240, 57, '07/12/2015', 73.81, '389142931-2');
insert into Payments (id, account_id, date, amount, reference) values (241, 78, '01/01/2016', 267.3, '569318818-3');
insert into Payments (id, account_id, date, amount, reference) values (242, 83, '07/24/2015', 211.17, '017611860-8');
insert into Payments (id, account_id, date, amount, reference) values (243, 62, '02/19/2016', 440.88, '941011872-7');
insert into Payments (id, account_id, date, amount, reference) values (244, 40, '07/30/2015', 102.08, '236209922-9');
insert into Payments (id, account_id, date, amount, reference) values (245, 26, '08/14/2015', 304.11, '555879328-7');
insert into Payments (id, account_id, date, amount, reference) values (246, 19, '07/07/2015', 122.8, '093535731-9');
insert into Payments (id, account_id, date, amount, reference) values (247, 63, '10/09/2015', 57.45, '178146110-4');
insert into Payments (id, account_id, date, amount, reference) values (248, 89, '03/17/2016', 203.11, '562238879-1');
insert into Payments (id, account_id, date, amount, reference) values (249, 74, '12/17/2015', 75.99, '515105916-5');
insert into Payments (id, account_id, date, amount, reference) values (250, 13, '09/19/2015', 359.68, '391220208-7');
insert into Payments (id, account_id, date, amount, reference) values (251, 49, '05/30/2015', 210.96, '818786509-1');
insert into Payments (id, account_id, date, amount, reference) values (252, 1, '03/01/2016', 195.25, '500159003-5');
insert into Payments (id, account_id, date, amount, reference) values (253, 15, '01/25/2016', 365.48, '598505898-0');
insert into Payments (id, account_id, date, amount, reference) values (254, 22, '05/31/2015', 435.82, '945338786-X');
insert into Payments (id, account_id, date, amount, reference) values (255, 13, '01/12/2016', 299.61, '403134939-4');
insert into Payments (id, account_id, date, amount, reference) values (256, 87, '12/25/2015', 180.84, '004602258-9');
insert into Payments (id, account_id, date, amount, reference) values (257, 38, '04/15/2015', 130.01, '078363502-8');
insert into Payments (id, account_id, date, amount, reference) values (258, 86, '10/23/2015', 95.76, '403533989-X');
insert into Payments (id, account_id, date, amount, reference) values (259, 53, '05/30/2015', 194.69, '703381547-6');
insert into Payments (id, account_id, date, amount, reference) values (260, 6, '10/31/2015', 498.6, '976270820-2');
insert into Payments (id, account_id, date, amount, reference) values (261, 23, '07/12/2015', 179.24, '411264659-3');
insert into Payments (id, account_id, date, amount, reference) values (262, 77, '05/30/2015', 14.39, '685199366-X');
insert into Payments (id, account_id, date, amount, reference) values (263, 75, '12/09/2015', 166.84, '379454275-4');
insert into Payments (id, account_id, date, amount, reference) values (264, 35, '07/17/2015', 251.51, '646775486-7');
insert into Payments (id, account_id, date, amount, reference) values (265, 5, '12/02/2015', 15.58, '529638278-1');
insert into Payments (id, account_id, date, amount, reference) values (266, 48, '03/03/2016', 162.2, '630377093-2');
insert into Payments (id, account_id, date, amount, reference) values (267, 63, '01/31/2016', 89.28, '509047138-X');
insert into Payments (id, account_id, date, amount, reference) values (268, 77, '10/18/2015', 487.32, '352096496-1');
insert into Payments (id, account_id, date, amount, reference) values (269, 5, '01/14/2016', 486.53, '499342154-0');
insert into Payments (id, account_id, date, amount, reference) values (270, 14, '12/13/2015', 214.95, '707001273-X');
insert into Payments (id, account_id, date, amount, reference) values (271, 7, '02/13/2016', 463.98, '463400142-X');
insert into Payments (id, account_id, date, amount, reference) values (272, 6, '02/15/2016', 472.22, '023056720-7');
insert into Payments (id, account_id, date, amount, reference) values (273, 9, '12/07/2015', 427.8, '518939181-7');
insert into Payments (id, account_id, date, amount, reference) values (274, 36, '11/03/2015', 64.43, '023051256-9');
insert into Payments (id, account_id, date, amount, reference) values (275, 61, '10/29/2015', 161.5, '585255766-8');
insert into Payments (id, account_id, date, amount, reference) values (276, 93, '11/06/2015', 352.41, '006044181-X');
insert into Payments (id, account_id, date, amount, reference) values (277, 38, '04/13/2015', 325.09, '632862887-0');
insert into Payments (id, account_id, date, amount, reference) values (278, 18, '05/13/2015', 473.09, '450716586-5');
insert into Payments (id, account_id, date, amount, reference) values (279, 69, '08/18/2015', 103.79, '754016883-8');
insert into Payments (id, account_id, date, amount, reference) values (280, 79, '01/30/2016', 166.37, '834153379-0');
insert into Payments (id, account_id, date, amount, reference) values (281, 78, '05/18/2015', 23.43, '516992041-5');
insert into Payments (id, account_id, date, amount, reference) values (282, 22, '01/24/2016', 442.76, '341847713-5');
insert into Payments (id, account_id, date, amount, reference) values (283, 42, '10/24/2015', 340.09, '510814181-5');
insert into Payments (id, account_id, date, amount, reference) values (284, 53, '08/26/2015', 455.82, '883366803-7');
insert into Payments (id, account_id, date, amount, reference) values (285, 14, '09/29/2015', 35.47, '406294335-2');
insert into Payments (id, account_id, date, amount, reference) values (286, 61, '06/29/2015', 60.92, '936538082-0');
insert into Payments (id, account_id, date, amount, reference) values (287, 52, '07/06/2015', 57.83, '497315574-8');
insert into Payments (id, account_id, date, amount, reference) values (288, 17, '12/18/2015', 493.73, '885457436-8');
insert into Payments (id, account_id, date, amount, reference) values (289, 49, '08/30/2015', 154.0, '141784854-5');
insert into Payments (id, account_id, date, amount, reference) values (290, 16, '04/20/2015', 369.07, '047120587-7');
insert into Payments (id, account_id, date, amount, reference) values (291, 64, '09/18/2015', 471.99, '862889460-8');
insert into Payments (id, account_id, date, amount, reference) values (292, 98, '10/18/2015', 284.54, '713878240-3');
insert into Payments (id, account_id, date, amount, reference) values (293, 94, '07/25/2015', 74.72, '425401252-7');
insert into Payments (id, account_id, date, amount, reference) values (294, 76, '11/14/2015', 334.08, '950449777-2');
insert into Payments (id, account_id, date, amount, reference) values (295, 69, '03/14/2016', 180.09, '510862143-4');
insert into Payments (id, account_id, date, amount, reference) values (296, 99, '06/25/2015', 310.24, '203372161-2');
insert into Payments (id, account_id, date, amount, reference) values (297, 50, '02/11/2016', 350.31, '316345845-9');
insert into Payments (id, account_id, date, amount, reference) values (298, 57, '07/20/2015', 288.0, '110325045-0');
insert into Payments (id, account_id, date, amount, reference) values (299, 12, '07/13/2015', 294.14, '672265800-7');
insert into Payments (id, account_id, date, amount, reference) values (300, 8, '01/10/2016', 489.15, '575080439-9');
insert into Payments (id, account_id, date, amount, reference) values (301, 44, '01/14/2016', 400.01, '958689950-0');
insert into Payments (id, account_id, date, amount, reference) values (302, 76, '09/13/2015', 108.51, '914048138-7');
insert into Payments (id, account_id, date, amount, reference) values (303, 11, '01/11/2016', 478.99, '674538870-7');
insert into Payments (id, account_id, date, amount, reference) values (304, 59, '05/17/2015', 28.7, '515281197-9');
insert into Payments (id, account_id, date, amount, reference) values (305, 72, '02/04/2016', 406.1, '119968413-9');
insert into Payments (id, account_id, date, amount, reference) values (306, 86, '02/04/2016', 175.34, '224845732-4');
insert into Payments (id, account_id, date, amount, reference) values (307, 100, '03/23/2016', 23.9, '137389531-4');
insert into Payments (id, account_id, date, amount, reference) values (308, 44, '11/14/2015', 495.86, '408076618-1');
insert into Payments (id, account_id, date, amount, reference) values (309, 67, '04/01/2016', 108.23, '729755967-9');
insert into Payments (id, account_id, date, amount, reference) values (310, 32, '05/18/2015', 453.27, '661207279-2');
insert into Payments (id, account_id, date, amount, reference) values (311, 47, '02/12/2016', 81.04, '225561653-X');
insert into Payments (id, account_id, date, amount, reference) values (312, 4, '07/11/2015', 393.79, '505731007-0');
insert into Payments (id, account_id, date, amount, reference) values (313, 57, '03/18/2016', 487.62, '792911632-8');
insert into Payments (id, account_id, date, amount, reference) values (314, 37, '11/01/2015', 361.49, '258507212-6');
insert into Payments (id, account_id, date, amount, reference) values (315, 87, '12/19/2015', 178.24, '973949188-X');
insert into Payments (id, account_id, date, amount, reference) values (316, 64, '12/24/2015', 294.6, '556114880-X');
insert into Payments (id, account_id, date, amount, reference) values (317, 35, '10/18/2015', 434.27, '839755319-3');
insert into Payments (id, account_id, date, amount, reference) values (318, 24, '03/11/2016', 54.97, '498070414-X');
insert into Payments (id, account_id, date, amount, reference) values (319, 48, '03/20/2016', 329.04, '218177785-3');
insert into Payments (id, account_id, date, amount, reference) values (320, 34, '10/30/2015', 185.05, '898068173-9');
insert into Payments (id, account_id, date, amount, reference) values (321, 95, '06/20/2015', 338.31, '350305165-1');
insert into Payments (id, account_id, date, amount, reference) values (322, 4, '04/18/2015', 222.57, '922245716-1');
insert into Payments (id, account_id, date, amount, reference) values (323, 71, '10/30/2015', 374.15, '660125640-4');
insert into Payments (id, account_id, date, amount, reference) values (324, 43, '01/31/2016', 254.0, '647609621-4');
insert into Payments (id, account_id, date, amount, reference) values (325, 80, '09/23/2015', 405.82, '968293099-5');
insert into Payments (id, account_id, date, amount, reference) values (326, 74, '08/26/2015', 38.91, '768468754-9');
insert into Payments (id, account_id, date, amount, reference) values (327, 10, '03/01/2016', 432.23, '036841018-8');
insert into Payments (id, account_id, date, amount, reference) values (328, 66, '01/07/2016', 420.67, '014502702-3');
insert into Payments (id, account_id, date, amount, reference) values (329, 96, '01/29/2016', 426.1, '365343655-9');
insert into Payments (id, account_id, date, amount, reference) values (330, 55, '05/02/2015', 364.25, '878387113-6');
insert into Payments (id, account_id, date, amount, reference) values (331, 7, '03/13/2016', 125.09, '983845827-9');
insert into Payments (id, account_id, date, amount, reference) values (332, 25, '06/30/2015', 147.24, '429604462-1');
insert into Payments (id, account_id, date, amount, reference) values (333, 28, '11/10/2015', 442.84, '453178448-0');
insert into Payments (id, account_id, date, amount, reference) values (334, 11, '01/31/2016', 446.81, '510697550-6');
insert into Payments (id, account_id, date, amount, reference) values (335, 2, '09/09/2015', 357.58, '784076941-1');
insert into Payments (id, account_id, date, amount, reference) values (336, 87, '11/26/2015', 294.19, '205753980-6');
insert into Payments (id, account_id, date, amount, reference) values (337, 10, '06/19/2015', 213.68, '295034002-4');
insert into Payments (id, account_id, date, amount, reference) values (338, 14, '06/10/2015', 288.39, '270447554-7');
insert into Payments (id, account_id, date, amount, reference) values (339, 64, '10/31/2015', 53.91, '396590518-X');
insert into Payments (id, account_id, date, amount, reference) values (340, 19, '05/24/2015', 71.49, '131264765-5');
insert into Payments (id, account_id, date, amount, reference) values (341, 64, '12/17/2015', 208.04, '237083691-1');
insert into Payments (id, account_id, date, amount, reference) values (342, 83, '01/15/2016', 335.41, '006436018-0');
insert into Payments (id, account_id, date, amount, reference) values (343, 12, '10/25/2015', 49.01, '362717483-6');
insert into Payments (id, account_id, date, amount, reference) values (344, 57, '09/28/2015', 38.86, '192880845-X');
insert into Payments (id, account_id, date, amount, reference) values (345, 76, '01/25/2016', 477.73, '617085017-5');
insert into Payments (id, account_id, date, amount, reference) values (346, 23, '12/22/2015', 428.43, '057751793-7');
insert into Payments (id, account_id, date, amount, reference) values (347, 90, '01/05/2016', 297.72, '512287169-8');
insert into Payments (id, account_id, date, amount, reference) values (348, 51, '01/12/2016', 373.82, '986429815-1');
insert into Payments (id, account_id, date, amount, reference) values (349, 80, '10/07/2015', 255.08, '980053247-1');
insert into Payments (id, account_id, date, amount, reference) values (350, 61, '01/05/2016', 17.34, '372304770-X');
insert into Payments (id, account_id, date, amount, reference) values (351, 63, '12/25/2015', 237.21, '541904840-X');
insert into Payments (id, account_id, date, amount, reference) values (352, 71, '08/09/2015', 396.17, '530326908-6');
insert into Payments (id, account_id, date, amount, reference) values (353, 6, '05/26/2015', 452.46, '245129627-5');
insert into Payments (id, account_id, date, amount, reference) values (354, 8, '06/15/2015', 457.06, '066872973-2');
insert into Payments (id, account_id, date, amount, reference) values (355, 99, '10/13/2015', 111.35, '357238827-9');
insert into Payments (id, account_id, date, amount, reference) values (356, 23, '11/03/2015', 125.23, '652458364-7');
insert into Payments (id, account_id, date, amount, reference) values (357, 12, '09/17/2015', 350.03, '058966578-2');
insert into Payments (id, account_id, date, amount, reference) values (358, 51, '03/08/2016', 449.03, '427560502-0');
insert into Payments (id, account_id, date, amount, reference) values (359, 49, '07/21/2015', 267.71, '717615406-6');
insert into Payments (id, account_id, date, amount, reference) values (360, 58, '01/31/2016', 198.38, '432295444-8');
insert into Payments (id, account_id, date, amount, reference) values (361, 45, '02/12/2016', 393.31, '908552748-1');
insert into Payments (id, account_id, date, amount, reference) values (362, 60, '10/28/2015', 466.27, '932219527-4');
insert into Payments (id, account_id, date, amount, reference) values (363, 47, '08/02/2015', 57.03, '052900782-7');
insert into Payments (id, account_id, date, amount, reference) values (364, 55, '11/25/2015', 249.18, '681185184-8');
insert into Payments (id, account_id, date, amount, reference) values (365, 9, '02/04/2016', 62.28, '650218107-4');
insert into Payments (id, account_id, date, amount, reference) values (366, 90, '01/29/2016', 264.34, '445490315-8');
insert into Payments (id, account_id, date, amount, reference) values (367, 68, '07/03/2015', 340.52, '404976035-5');
insert into Payments (id, account_id, date, amount, reference) values (368, 92, '11/25/2015', 401.05, '511306868-3');
insert into Payments (id, account_id, date, amount, reference) values (369, 4, '10/17/2015', 153.39, '722399952-7');
insert into Payments (id, account_id, date, amount, reference) values (370, 28, '04/21/2015', 439.29, '689411233-9');
insert into Payments (id, account_id, date, amount, reference) values (371, 35, '04/08/2016', 160.81, '511095385-6');
insert into Payments (id, account_id, date, amount, reference) values (372, 58, '06/18/2015', 60.92, '036176923-7');
insert into Payments (id, account_id, date, amount, reference) values (373, 38, '03/11/2016', 250.32, '166767516-8');
insert into Payments (id, account_id, date, amount, reference) values (374, 73, '12/10/2015', 110.69, '940687554-3');
insert into Payments (id, account_id, date, amount, reference) values (375, 25, '07/03/2015', 361.31, '938291348-3');
insert into Payments (id, account_id, date, amount, reference) values (376, 34, '05/23/2015', 15.48, '495339292-2');
insert into Payments (id, account_id, date, amount, reference) values (377, 97, '02/24/2016', 462.87, '251921904-1');
insert into Payments (id, account_id, date, amount, reference) values (378, 91, '12/21/2015', 107.32, '748030302-5');
insert into Payments (id, account_id, date, amount, reference) values (379, 74, '01/23/2016', 247.78, '285293373-X');
insert into Payments (id, account_id, date, amount, reference) values (380, 96, '04/23/2015', 456.2, '645768092-5');
insert into Payments (id, account_id, date, amount, reference) values (381, 25, '09/19/2015', 219.61, '459055062-8');
insert into Payments (id, account_id, date, amount, reference) values (382, 61, '12/24/2015', 107.3, '121657076-0');
insert into Payments (id, account_id, date, amount, reference) values (383, 67, '10/20/2015', 291.83, '757700333-6');
insert into Payments (id, account_id, date, amount, reference) values (384, 42, '08/06/2015', 315.58, '218966058-0');
insert into Payments (id, account_id, date, amount, reference) values (385, 21, '06/27/2015', 487.74, '878181266-3');
insert into Payments (id, account_id, date, amount, reference) values (386, 5, '09/19/2015', 380.26, '918021272-7');
insert into Payments (id, account_id, date, amount, reference) values (387, 74, '12/17/2015', 144.04, '692315943-1');
insert into Payments (id, account_id, date, amount, reference) values (388, 88, '04/23/2015', 148.96, '642488780-6');
insert into Payments (id, account_id, date, amount, reference) values (389, 17, '08/09/2015', 265.61, '582050795-9');
insert into Payments (id, account_id, date, amount, reference) values (390, 88, '06/20/2015', 84.8, '365982298-1');
insert into Payments (id, account_id, date, amount, reference) values (391, 83, '08/14/2015', 35.55, '305709634-4');
insert into Payments (id, account_id, date, amount, reference) values (392, 18, '12/03/2015', 186.43, '349234182-9');
insert into Payments (id, account_id, date, amount, reference) values (393, 90, '04/12/2016', 82.58, '347609772-2');
insert into Payments (id, account_id, date, amount, reference) values (394, 68, '09/15/2015', 471.18, '828440671-3');
insert into Payments (id, account_id, date, amount, reference) values (395, 27, '12/07/2015', 486.79, '329406174-9');
insert into Payments (id, account_id, date, amount, reference) values (396, 88, '02/25/2016', 339.26, '087634364-7');
insert into Payments (id, account_id, date, amount, reference) values (397, 70, '09/29/2015', 480.5, '898682169-9');
insert into Payments (id, account_id, date, amount, reference) values (398, 32, '02/06/2016', 240.06, '186598736-0');
insert into Payments (id, account_id, date, amount, reference) values (399, 54, '03/12/2016', 244.2, '792668318-3');
insert into Payments (id, account_id, date, amount, reference) values (400, 6, '11/22/2015', 119.14, '950997186-3');
insert into Payments (id, account_id, date, amount, reference) values (401, 80, '04/16/2015', 331.92, '864288946-2');
insert into Payments (id, account_id, date, amount, reference) values (402, 42, '07/17/2015', 181.42, '331961324-3');
insert into Payments (id, account_id, date, amount, reference) values (403, 97, '06/22/2015', 176.17, '473932670-1');
insert into Payments (id, account_id, date, amount, reference) values (404, 88, '08/04/2015', 230.22, '514820485-0');
insert into Payments (id, account_id, date, amount, reference) values (405, 10, '01/28/2016', 122.04, '247922191-1');
insert into Payments (id, account_id, date, amount, reference) values (406, 46, '09/19/2015', 17.59, '790820752-9');
insert into Payments (id, account_id, date, amount, reference) values (407, 64, '09/15/2015', 255.71, '599053734-4');
insert into Payments (id, account_id, date, amount, reference) values (408, 4, '07/27/2015', 225.16, '445971143-5');
insert into Payments (id, account_id, date, amount, reference) values (409, 98, '12/14/2015', 495.92, '046237879-9');
insert into Payments (id, account_id, date, amount, reference) values (410, 95, '05/08/2015', 82.82, '536065042-7');
insert into Payments (id, account_id, date, amount, reference) values (411, 32, '10/30/2015', 57.92, '775430379-5');
insert into Payments (id, account_id, date, amount, reference) values (412, 20, '12/11/2015', 26.63, '549660986-0');
insert into Payments (id, account_id, date, amount, reference) values (413, 64, '04/16/2015', 427.75, '022120076-2');
insert into Payments (id, account_id, date, amount, reference) values (414, 54, '09/06/2015', 356.81, '858957137-8');
insert into Payments (id, account_id, date, amount, reference) values (415, 71, '03/22/2016', 422.06, '294806449-X');
insert into Payments (id, account_id, date, amount, reference) values (416, 42, '06/16/2015', 332.68, '224162017-3');
insert into Payments (id, account_id, date, amount, reference) values (417, 74, '10/11/2015', 102.46, '342793666-X');
insert into Payments (id, account_id, date, amount, reference) values (418, 6, '05/08/2015', 302.96, '973344612-2');
insert into Payments (id, account_id, date, amount, reference) values (419, 84, '08/23/2015', 40.33, '152751993-7');
insert into Payments (id, account_id, date, amount, reference) values (420, 21, '12/10/2015', 153.21, '586151798-3');
insert into Payments (id, account_id, date, amount, reference) values (421, 29, '12/17/2015', 408.21, '566259178-4');
insert into Payments (id, account_id, date, amount, reference) values (422, 93, '02/19/2016', 199.1, '200617928-4');
insert into Payments (id, account_id, date, amount, reference) values (423, 89, '03/31/2016', 79.08, '393186250-X');
insert into Payments (id, account_id, date, amount, reference) values (424, 50, '03/31/2016', 16.15, '687908497-4');
insert into Payments (id, account_id, date, amount, reference) values (425, 67, '02/17/2016', 117.75, '739218571-3');
insert into Payments (id, account_id, date, amount, reference) values (426, 3, '06/22/2015', 379.06, '242549731-5');
insert into Payments (id, account_id, date, amount, reference) values (427, 13, '08/23/2015', 292.47, '649292472-X');
insert into Payments (id, account_id, date, amount, reference) values (428, 54, '10/21/2015', 285.67, '759930483-5');
insert into Payments (id, account_id, date, amount, reference) values (429, 14, '10/12/2015', 68.3, '220757463-6');
insert into Payments (id, account_id, date, amount, reference) values (430, 71, '06/15/2015', 355.08, '553555050-7');
insert into Payments (id, account_id, date, amount, reference) values (431, 100, '04/22/2015', 226.43, '544351253-6');
insert into Payments (id, account_id, date, amount, reference) values (432, 83, '04/22/2015', 192.04, '223681380-5');
insert into Payments (id, account_id, date, amount, reference) values (433, 19, '11/16/2015', 358.15, '520123797-5');
insert into Payments (id, account_id, date, amount, reference) values (434, 84, '05/25/2015', 21.05, '280922955-4');
insert into Payments (id, account_id, date, amount, reference) values (435, 66, '04/04/2016', 54.13, '914410981-4');
insert into Payments (id, account_id, date, amount, reference) values (436, 44, '10/10/2015', 115.59, '261483743-1');
insert into Payments (id, account_id, date, amount, reference) values (437, 38, '05/26/2015', 185.03, '362663445-0');
insert into Payments (id, account_id, date, amount, reference) values (438, 73, '03/27/2016', 174.42, '031772111-9');
insert into Payments (id, account_id, date, amount, reference) values (439, 64, '08/04/2015', 455.23, '209242431-9');
insert into Payments (id, account_id, date, amount, reference) values (440, 68, '01/16/2016', 493.57, '038199843-6');
insert into Payments (id, account_id, date, amount, reference) values (441, 24, '12/29/2015', 484.4, '935610777-7');
insert into Payments (id, account_id, date, amount, reference) values (442, 49, '08/09/2015', 332.1, '149486928-4');
insert into Payments (id, account_id, date, amount, reference) values (443, 56, '04/22/2015', 370.85, '740926970-7');
insert into Payments (id, account_id, date, amount, reference) values (444, 58, '07/01/2015', 428.23, '709578870-7');
insert into Payments (id, account_id, date, amount, reference) values (445, 61, '01/03/2016', 265.59, '982346012-4');
insert into Payments (id, account_id, date, amount, reference) values (446, 69, '02/16/2016', 299.01, '505298203-8');
insert into Payments (id, account_id, date, amount, reference) values (447, 36, '07/19/2015', 476.27, '566094607-0');
insert into Payments (id, account_id, date, amount, reference) values (448, 43, '02/18/2016', 393.69, '046130884-3');
insert into Payments (id, account_id, date, amount, reference) values (449, 56, '03/11/2016', 487.84, '048197423-7');
insert into Payments (id, account_id, date, amount, reference) values (450, 66, '03/12/2016', 29.95, '763574770-3');
insert into Payments (id, account_id, date, amount, reference) values (451, 19, '07/14/2015', 470.7, '723559346-6');
insert into Payments (id, account_id, date, amount, reference) values (452, 60, '06/07/2015', 473.98, '922086284-0');
insert into Payments (id, account_id, date, amount, reference) values (453, 17, '02/01/2016', 141.45, '353516873-2');
insert into Payments (id, account_id, date, amount, reference) values (454, 49, '06/14/2015', 64.92, '104551098-X');
insert into Payments (id, account_id, date, amount, reference) values (455, 61, '11/08/2015', 185.91, '534792492-6');
insert into Payments (id, account_id, date, amount, reference) values (456, 21, '06/10/2015', 199.25, '922284803-9');
insert into Payments (id, account_id, date, amount, reference) values (457, 54, '02/26/2016', 94.02, '781005385-X');
insert into Payments (id, account_id, date, amount, reference) values (458, 57, '03/05/2016', 223.27, '809557405-8');
insert into Payments (id, account_id, date, amount, reference) values (459, 24, '03/23/2016', 458.54, '716142128-4');
insert into Payments (id, account_id, date, amount, reference) values (460, 96, '01/17/2016', 399.0, '426714695-0');
insert into Payments (id, account_id, date, amount, reference) values (461, 28, '12/19/2015', 393.11, '096401283-9');
insert into Payments (id, account_id, date, amount, reference) values (462, 60, '05/18/2015', 365.99, '468452205-9');
insert into Payments (id, account_id, date, amount, reference) values (463, 48, '09/16/2015', 411.3, '760475947-5');
insert into Payments (id, account_id, date, amount, reference) values (464, 56, '04/20/2015', 281.32, '088163863-3');
insert into Payments (id, account_id, date, amount, reference) values (465, 59, '11/13/2015', 361.99, '651907915-4');
insert into Payments (id, account_id, date, amount, reference) values (466, 22, '07/23/2015', 74.55, '477723313-8');
insert into Payments (id, account_id, date, amount, reference) values (467, 16, '07/17/2015', 318.1, '459102738-4');
insert into Payments (id, account_id, date, amount, reference) values (468, 77, '03/26/2016', 333.84, '207626338-1');
insert into Payments (id, account_id, date, amount, reference) values (469, 32, '08/01/2015', 461.77, '538199218-1');
insert into Payments (id, account_id, date, amount, reference) values (470, 51, '02/15/2016', 406.28, '007187619-7');
insert into Payments (id, account_id, date, amount, reference) values (471, 25, '10/12/2015', 448.64, '943914883-7');
insert into Payments (id, account_id, date, amount, reference) values (472, 76, '10/18/2015', 450.42, '372001814-8');
insert into Payments (id, account_id, date, amount, reference) values (473, 22, '06/03/2015', 498.82, '694123356-7');
insert into Payments (id, account_id, date, amount, reference) values (474, 98, '08/31/2015', 134.17, '503624751-5');
insert into Payments (id, account_id, date, amount, reference) values (475, 35, '12/08/2015', 169.21, '400949327-5');
insert into Payments (id, account_id, date, amount, reference) values (476, 66, '02/25/2016', 136.32, '437905471-3');
insert into Payments (id, account_id, date, amount, reference) values (477, 82, '08/29/2015', 201.24, '533758241-0');
insert into Payments (id, account_id, date, amount, reference) values (478, 14, '09/03/2015', 283.77, '633037692-1');
insert into Payments (id, account_id, date, amount, reference) values (479, 16, '09/06/2015', 180.04, '391623365-3');
insert into Payments (id, account_id, date, amount, reference) values (480, 84, '12/02/2015', 149.31, '831925232-6');
insert into Payments (id, account_id, date, amount, reference) values (481, 62, '03/31/2016', 229.94, '817563049-3');
insert into Payments (id, account_id, date, amount, reference) values (482, 71, '05/23/2015', 433.25, '919427787-7');
insert into Payments (id, account_id, date, amount, reference) values (483, 39, '08/27/2015', 184.6, '753074721-5');
insert into Payments (id, account_id, date, amount, reference) values (484, 57, '03/27/2016', 255.59, '541713579-8');
insert into Payments (id, account_id, date, amount, reference) values (485, 23, '01/13/2016', 61.34, '340927534-7');
insert into Payments (id, account_id, date, amount, reference) values (486, 83, '05/15/2015', 164.11, '978261948-5');
insert into Payments (id, account_id, date, amount, reference) values (487, 85, '10/26/2015', 372.76, '568392162-7');
insert into Payments (id, account_id, date, amount, reference) values (488, 8, '12/08/2015', 69.15, '967688294-1');
insert into Payments (id, account_id, date, amount, reference) values (489, 95, '02/26/2016', 443.97, '767087943-2');
insert into Payments (id, account_id, date, amount, reference) values (490, 29, '10/22/2015', 283.18, '590260344-7');
insert into Payments (id, account_id, date, amount, reference) values (491, 23, '08/06/2015', 345.23, '955714061-5');
insert into Payments (id, account_id, date, amount, reference) values (492, 21, '05/29/2015', 68.96, '492346180-2');
insert into Payments (id, account_id, date, amount, reference) values (493, 1, '03/13/2016', 155.84, '592926416-3');
insert into Payments (id, account_id, date, amount, reference) values (494, 88, '11/12/2015', 164.71, '065188769-0');
insert into Payments (id, account_id, date, amount, reference) values (495, 70, '10/09/2015', 390.49, '867840128-1');
insert into Payments (id, account_id, date, amount, reference) values (496, 51, '12/17/2015', 55.48, '975846751-4');
insert into Payments (id, account_id, date, amount, reference) values (497, 14, '04/04/2016', 34.56, '301149226-3');
insert into Payments (id, account_id, date, amount, reference) values (498, 10, '12/03/2015', 329.72, '334019966-3');
insert into Payments (id, account_id, date, amount, reference) values (499, 99, '11/07/2015', 358.54, '333753918-1');
insert into Payments (id, account_id, date, amount, reference) values (500, 4, '03/02/2016', 79.93, '631249292-3');

GO

create table Counters (
	counter INT
);

GO

create procedure dbo.UserAccountsReport
	@NameFilter varchar(max)
as begin
	set @NameFilter = '%' + @NameFilter + '%'
	select u.first_name + ' ' + u.last_name as [name], u.email, acc.account_no, acc.account_type
	from dbo.Users u
	join dbo.UserAccounts acc on u.id = acc.user_id
	where u.first_name like @NameFilter or u.last_name like @NameFilter
end

GO

create function dbo.GetAccountBalance(@UserID INT)
returns @balance table (
	[user_name] varchar(100),
	[balance] decimal(8,2)
	)
as begin
	insert into @balance
	select  u.first_name + ' ' + u.last_name, sum(isnull(p.amount,0))
	from Users u 
	join UserAccounts ua on u.id = ua.user_id
	left join Payments p on ua.id = p.account_id
	where u.id = @UserID
	group by u.first_name + ' ' + u.last_name
	return;
end

GO

create view dbo.UserAccountsList
AS
select u.first_name + ' ' + u.last_name as [name], u.email, acc.account_no, acc.account_type
from dbo.Users u
join dbo.UserAccounts acc on u.id = acc.user_id

GO